address,size,name,subsystem,confidence,source,n_insns,callers_count,callees_count,purpose
0x02000000,160,crt0_reset_entry,SYS_BOOT,high,vector,41,0,4,"CRT0 Reset entry and memory initialization"
0x020000A0,36,fn_020000A0,SYS_BOOT,inferred,locality,8,0,1,"Inferred from neighboring translation unit (SYS_BOOT)"
0x020000C4,2,fn_020000C4,SYS_BOOT,inferred,locality,1,1,0,"Inferred from neighboring translation unit (SYS_BOOT)"
0x020000C6,50,boot_hwinfo_save,SYS_BOOT,high,fm1_sig,17,1,1,"Copies chip/boot parameter fields from a struct into global config at 0x1c7fd50"
0x020000F8,410,pll_clock_init,SYS_BOOT,high,fm1_sig,131,0,1,"PLL/system clock configuration: computes MHz dividers  programs clock SFRs (0x16A00) with delay loops"
0x02000292,16,fatal_assert_halt,MISC,high,fm1_sig,6,161,0,"Fatal assert/fault handler: signals via GPIO/debug then hangs in infinite loop"
0x020002A2,470,fn_020002A2,MISC,inferred,locality,152,1,4,"Inferred from neighboring translation unit (MISC)"
0x02000478,20,tick_irq_disable,SYS_IRQ,high,fm1_sig,6,1,0,"Clears bit3 of per-core interrupt control SFR (0x1eef0d0) to disable/ack source"
0x0200048C,44,fn_0200048C,SYS_IRQ,inferred,locality,14,1,0,"Inferred from neighboring translation unit (SYS_IRQ)"
0x020004B8,250,cbuf_write,MEMLIB,high,fm1_sig,90,5,3,"Thread-safe circular buffer write (cbuf_write) with per-core spinlock and memmove wraparound"
0x020005B2,26,cbuf_init,MEMLIB,high,fm1_sig,12,6,0,"Circular buffer init (cbuf_init): sets base/read/write pointers and length"
0x020005CC,120,cbuf_clear,MEMLIB,high,fm1_sig,44,4,0,"Circular buffer clear/reset (cbuf_clear) under per-core spinlock"
0x02000644,14,tick_count_x10_get,SYS_RTOS,high,fm1_sig,4,7,0,"Getter: returns global counter (0x1c08ff0+4) scaled by 10 (tick/time value)"
0x02000652,14,__cxa_finalize,MEMLIB,high,toolchain_lib,5,4,0,"Toolchain SDK: __cxa_finalize"
0x02000660,52,midi_ctrl_packet_dispatch,MIDI,high,fm1_sig,17,5,4,"Subscribes to event 64 and handles incoming 4-byte MIDI/control packets (0xD0/0xD4)  dispatching to task"
0x02000694,18,midi_slot_is_active,MIDI,high,fm1_sig,6,2,0,"Predicate: returns whether a MIDI engine slot (0x1c0e670+74) is active"
0x020006A6,18,fn_020006A6,MIDI,inferred,locality,6,9,0,"Inferred from neighboring translation unit (MIDI)"
0x020006B8,20,midi_slot_find,MIDI,high,fm1_sig,7,3,0,"Returns MIDI engine slot index/value  or -1 if inactive"
0x020006CC,16,fn_020006CC,MIDI,inferred,locality,6,2,1,"Inferred from neighboring translation unit (MIDI)"
0x020006DC,12,fn_020006DC,MIDI,inferred,locality,4,3,0,"Inferred from neighboring translation unit (MIDI)"
0x020006E8,248,fn_020006E8,MIDI,inferred,locality,88,5,7,"Inferred from neighboring translation unit (MIDI)"
0x020007E0,50,fn_020007E0,MIDI,inferred,locality,18,4,0,"Inferred from neighboring translation unit (MIDI)"
0x02000812,42,fn_02000812,MIDI,inferred,locality,11,2,2,"Inferred from neighboring translation unit (MIDI)"
0x0200083C,22,midi_slot_match,MIDI,high,fm1_sig,7,4,0,"Finds MIDI engine slot matching a value (returns 0/-1)"
0x02000852,52,fn_02000852,MIDI,inferred,locality,16,3,1,"Inferred from neighboring translation unit (MIDI)"
0x02000886,544,fn_02000886,MIDI,inferred,locality,182,1,36,"Inferred from neighboring translation unit (MIDI)"
0x02000AA6,46,midi_msg_prefilter,MIDI,high,fm1_sig,16,2,1,"Pre-filter/router for 4-byte control messages to command dispatcher 0xa02"
0x02000AD4,72,fn_02000AD4,MIDI,inferred,locality,31,3,2,"Inferred from neighboring translation unit (MIDI)"
0x02000B1C,1334,fn_02000B1C,MIDI,inferred,locality,446,3,11,"Inferred from neighboring translation unit (MIDI)"
0x02001052,1158,fn_02001052,MIDI,inferred,locality,359,0,21,"Inferred from neighboring translation unit (MIDI)"
0x020014D8,12,irq_master_disable,SYS_IRQ,high,fm1_sig,4,5,0,"Disable interrupts: clears icfg interrupt-enable bit"
0x020014E4,12,irq_master_enable,SYS_IRQ,high,fm1_sig,4,5,0,"Enable interrupts: sets icfg interrupt-enable bit"
0x020014F0,60,irq_mask_arrays_clear,SYS_IRQ,high,fm1_sig,21,1,2,"Clears per-core interrupt mask/pending arrays (0x1eef100/0x1eef300)"
0x0200152C,134,request_irq,SYS_IRQ,high,fm1_sig,47,32,2,"request_irq / set IRQ priority+routing: table lookup  program IRQ SFRs  store handler pointer"
0x020015B2,18,fn_020015B2,SYS_IRQ,inferred,locality,5,2,0,"Inferred from neighboring translation unit (SYS_IRQ)"
0x020015C4,18,fn_020015C4,SYS_IRQ,inferred,locality,5,3,0,"Inferred from neighboring translation unit (SYS_IRQ)"
0x020015D6,254,fn_020015D6,SYS_IRQ,inferred,locality,84,1,7,"Inferred from neighboring translation unit (SYS_IRQ)"
0x020016D4,108,fn_020016D4,SYS_IRQ,inferred,locality,39,2,0,"Inferred from neighboring translation unit (SYS_IRQ)"
0x02001740,132,fn_02001740,SYS_IRQ,inferred,locality,47,1,0,"Inferred from neighboring translation unit (SYS_IRQ)"
0x020017C4,146,fn_020017C4,SYS_IRQ,inferred,locality,57,1,3,"Inferred from neighboring translation unit (SYS_IRQ)"
0x02001856,1432,fn_02001856,SYS_IRQ,inferred,locality,404,0,1,"Inferred from neighboring translation unit (SYS_IRQ)"
0x02001DEE,14,__cxa_finalize,MEMLIB,high,toolchain_lib,5,2,0,"Toolchain SDK: __cxa_finalize"
0x02001DFC,226,clk_get,SYS_BOOT,high,fm1_sig,68,25,10,"clk_get_rate: returns clock frequency for a named source (uart/pll/etc.) via strcmp and clock struct"
0x02001EDE,20,irq2_ram_handler_install,SYS_IRQ,high,fm1_sig,7,1,1,"Registers IRQ #2 handler (0x1c06ea8) via request_irq 0x16d2"
0x02001EF2,60,clk_node_find,SYS_BOOT,high,fm1_sig,22,3,2,"clk_find: looks up clock/device node by name in table (handles '#C' prefix) via strcmp"
0x02001F2E,1194,clock_board_init,SYS_BOOT,high,fm1_sig,368,9,23,"Main clock/system init: sets up PLL/clock tree  GPIOs and subsystem init; also clk_set_rate front-end"
0x020023D8,32,timer1_init,PERIPH,high,fm1_sig,10,1,1,"Initializes a peripheral SFR (0x10500=0x4000) and registers its IRQ #5 handler"
0x020023F8,46,bit_index_log2,MATHLIB,high,fm1_sig,17,3,0,"Integer bit/log2 helper: finds range/bit index of a value"
0x02002426,192,lp_timer_calibrate,SYS_RTOS,high,fm1_sig,59,3,3,"System timer source calibration/init: compute tick rate  program timer registers via ROM serial writes"
0x020024E6,56,lrct_config,PERIPH,high,fm1_sig,16,1,0,"Enables/configures hardware timer 0x13600 gated by MIDI-engine config flags"
0x0200251E,62,time_count_convert64,MATHLIB,high,fm1_sig,19,9,0,"64-bit multiply/divide time conversion (count vs microseconds) using calibrated rate"
0x0200255C,12,list_insert_before_dup,MEMLIB,high,fm1_sig,5,2,0,"Doubly-linked list insert-before helper (duplicate)"
0x02002568,120,fn_02002568,PERIPH,inferred,locality,38,5,2,"Inferred from neighboring translation unit (PERIPH)"
0x020025E0,12,list_insert_before_dup,MEMLIB,high,fm1_sig,5,2,0,"Doubly-linked list insert-before helper (duplicate)"
0x020025EC,110,sfr10500_trim_calibrate,SYS_RTOS,high,fm1_sig,34,2,1,"Recompute timer/clock divider table from current core clock frequency"
0x0200265A,46,sfr10500_calib_init,SYS_RTOS,high,fm1_sig,14,2,1,"One-time init of timer clock-divider state then recompute dividers"
0x02002688,492,sys_timer_add_internal,SYS_RTOS,high,fm1_sig,166,3,6,"Allocate timer node  set deadline=now+timeout  insert into sorted timeout list"
0x02002874,16,__udivdi3,MEMLIB,high,toolchain_lib,7,4,1,"Toolchain SDK: __udivdi3"
0x02002884,46,fn_02002884,SYS_RTOS,inferred,locality,17,3,0,"Inferred from neighboring translation unit (SYS_RTOS)"
0x020028B2,56,chip_crc16,MATHLIB,high,fm1_sig,19,32,2,"Hardware CRC16 over buffer via SFR engine  mutex-guarded"
0x020028EA,150,syscfg_read,STORAGE_FS,high,fm1_sig,55,20,1,"syscfg/param read dispatcher by key; validates MAC-type items via CRC"
0x02002980,38,dec_atoi,MEMLIB,high,fm1_sig,16,2,0,"printf skip_atoi: parse run of decimal digits from *str into int (width/precision)"
0x020029A6,108,printf_emit_string,MEMLIB,high,fm1_sig,39,2,1,"printf string-field emit with width/precision space padding (uses strnlen)"
0x02002A12,1134,printf_format_integer,MEMLIB,high,fm1_sig,355,2,0,"Integer-to-ASCII conversion (base 10/16/8) for printf number formatting"
0x02002E80,1360,vsnprintf,MEMLIB,high,fm1_sig,470,1,7,"Core printf/vsnprintf format engine with specifier/flag jump-table dispatch"
0x020033D0,22,_diprintf_r,MEMLIB,high,toolchain_lib,10,3,1,"Toolchain SDK: _diprintf_r"
0x020033E6,232,fn_020033E6,STORAGE_FS,inferred,locality,79,1,10,"Inferred from neighboring translation unit (STORAGE_FS)"
0x020034CE,18,fn_020034CE,STORAGE_FS,inferred,locality,6,2,0,"Inferred from neighboring translation unit (STORAGE_FS)"
0x020034E0,44,module_state_alloc,SYS_RTOS,high,fm1_sig,13,2,2,"Allocate and init 292-byte device/event manager control block"
0x0200350C,124,fn_0200350C,SYS_RTOS,inferred,locality,40,1,5,"Inferred from neighboring translation unit (SYS_RTOS)"
0x02003588,60,syscfg_write,STORAGE_FS,high,fm1_sig,24,12,0,"syscfg/param write dispatcher by key via backend callback table"
0x020035C4,174,bt_mac_addr_init,STORAGE_FS,high,fm1_sig,57,4,4,"Generate and persist BT address/config item with CRC validation"
0x02003672,380,os_event_wakeup_by_id,SYS_RTOS,high,fm1_sig,125,3,3,"SMP-safe waiter/event wakeup by id: per-CPU critical section  walks waiter list  signals and yields"
0x020037EE,8,cache_flushinv_range_call,SYS_RTOS,inferred,locality,3,14,1,"Inferred from neighboring translation unit (SYS_RTOS)"
0x020037F6,6,ble_ll_set_event_handler,BT,high,fm1_sig,3,4,0,"Register per-link event callback fn (+472) and context arg (+476)"
0x020037FC,304,heap_malloc,MEMLIB,high,fm1_sig,112,7,1,"Heap malloc: SMP-locked free-list search  best-fit with alignment  block split and guard-magic init"
0x0200392C,386,os_msg_args_pack,MEMLIB,high,fm1_sig,153,6,5,"Format-string-driven binary serializer: packs args to a byte buffer per type codes (S/b/c/l/v...)"
0x02003AAE,182,os_msg_fmt_parse,MEMLIB,high,fm1_sig,83,2,1,"Parse a format descriptor string into a flag/type struct (companion to the binary serializer)"
0x02003B64,68,heap_block_check,MEMLIB,high,fm1_sig,21,4,2,"Heap block guard/magic validation (0x12345678/0x87654320); panics on corruption"
0x02003BA8,6,ble_ll_set_event_handler,BT,high,fm1_sig,3,1,0,"Register per-link event callback fn (+472) and context arg (+476)"
0x02003BAE,12,list_insert_before_dup,MEMLIB,high,fm1_sig,5,2,0,"Doubly-linked list insert-before helper (duplicate)"
0x02003BBA,376,heap_free,MEMLIB,high,fm1_sig,129,12,6,"Heap free: guard-magic check  coalesce adjacent free blocks  SMP-locked free-list maintenance"
0x02003D32,12,list_insert_before_dup,MEMLIB,high,fm1_sig,5,2,0,"Doubly-linked list insert-before helper (duplicate)"
0x02003D3E,14,list_del_init,MEMLIB,high,fm1_sig,6,2,0,"Doubly-linked list node remove and reinitialize"
0x02003D4C,82,os_taskq_post_msg,SYS_RTOS,high,fm1_sig,28,39,5,"Allocate + format + post a system message/event to a task (common API  28 callers)"
0x02003D9E,82,fn_02003D9E,SYS_RTOS,inferred,locality,27,6,5,"Inferred from neighboring translation unit (SYS_RTOS)"
0x02003DF0,40,sys_timer_add_wrapper,SYS_RTOS,high,fm1_sig,16,13,2,"Create/register a software timer (callback+timeout) via locked list  returning a cancelable handle"
0x02003E18,164,fn_02003E18,SYS_RTOS,inferred,locality,61,2,10,"Inferred from neighboring translation unit (SYS_RTOS)"
0x02003EBC,28,fn_02003EBC,SYS_RTOS,inferred,locality,11,3,1,"Inferred from neighboring translation unit (SYS_RTOS)"
0x02003ED8,26,fn_02003ED8,SYS_RTOS,inferred,locality,10,4,1,"Inferred from neighboring translation unit (SYS_RTOS)"
0x02003EF2,64,irq_unregister,SYS_IRQ,high,fm1_sig,18,8,2,"Unregister/disable an interrupt/notify channel: clear RAM handler entry and priority bits in SFRs (irq-locked)"
0x02003F32,66,gpio_special_pull_up,PERIPH,high,fm1_sig,22,1,0,"GPIO: configure special pins 148-151/150 via direct SFR 0x51000 and 0x16A0C bit fields"
0x02003F74,16,gpio_pin16_pd_sfr,PERIPH,high,fm1_sig,5,1,0,"GPIO: write special-pin bit (arg&1) to peripheral SFR index 157"
0x02003F84,24,gpio_port_lookup,PERIPH,high,fm1_sig,8,7,0,"Look up GPIO port base-register address from pin number via table"
0x02003F9C,182,fn_02003F9C,PERIPH,inferred,locality,59,27,3,"Inferred from neighboring translation unit (PERIPH)"
0x02004052,84,gpio_special_pull_down,PERIPH,high,fm1_sig,29,1,0,"GPIO: configure special pins 148-151 via SFR 0x51000 / 0x16A0C (bits 256/512)"
0x020040A6,16,gpio_pin16_pd_sfr,PERIPH,high,fm1_sig,5,1,0,"GPIO: write special-pin bit (arg&1) to peripheral SFR index 157"
0x020040B6,184,fn_020040B6,PERIPH,inferred,locality,59,25,3,"Inferred from neighboring translation unit (PERIPH)"
0x0200416E,38,irq_ext_pair_mask,PERIPH,high,fm1_sig,13,3,0,"Enable/disable a peripheral clock gate (id ~148/149) bit in register 0x51000"
0x02004194,94,gpio_pmu_set_dir,PERIPH,high,fm1_sig,31,1,0,"GPIO special-pin function/config via SFR 0x51000 and 0x16a0c"
0x020041F2,16,gpio_pin16_pd_sfr,PERIPH,high,fm1_sig,5,1,0,"GPIO: write special-pin bit (arg&1) to peripheral SFR index 157"
0x02004202,76,p33_gpio144_set_dir,PERIPH,high,fm1_sig,25,2,0,"Configure GPIO port pull/pin registers via ROM reg read-modify-write"
0x0200424E,176,fn_0200424E,PERIPH,inferred,locality,62,19,5,"Inferred from neighboring translation unit (PERIPH)"
0x020042FE,38,irq_ext_pair_mask,PERIPH,high,fm1_sig,13,1,0,"Enable/disable a peripheral clock gate (id ~148/149) bit in register 0x51000"
0x02004324,16,gpio_pin16_pd_sfr,PERIPH,high,fm1_sig,5,1,0,"GPIO: write special-pin bit (arg&1) to peripheral SFR index 157"
0x02004334,184,fn_02004334,PERIPH,inferred,locality,59,37,3,"Inferred from neighboring translation unit (PERIPH)"
0x020043EC,34,sys_timer_add,MISC,high,fm1_sig,14,16,2,"Device-node framework wrapper: find node by name (0x5c618) then register/config it via 0x21fc with data blob"
0x0200440E,34,dev_handle_free,PERIPH,high,fm1_sig,9,2,1,"Free device handle  skipping frees for handles from static node pool"
0x02004430,524,dev_open,PERIPH,high,fm1_sig,179,5,10,"Open device by name: search registered device list  allocate handle"
0x0200463C,20,dev_call_op_104,PERIPH,high,fm1_sig,9,6,0,"Invoke driver op at ops-table offset 104 on a device"
0x02004650,26,os_counter_diff,SYS_RTOS,high,fm1_sig,8,7,0,"Timer tick/counter delta adjustment helper (rebase against saved counters)"
0x0200466A,16,dev_ioctl,PERIPH,high,fm1_sig,8,33,0,"Device ioctl dispatch (driver op offset 24)  returns -EINVAL if unsupported"
0x0200467A,286,dev_close,PERIPH,high,fm1_sig,103,5,6,"Close/release device handle: refcount  list removal  free"
0x02004798,66,sfc_enc_cipher,STORAGE_FS,high,fm1_sig,30,7,0,"LFSR data whitening/descramble byte loop for flash content"
0x020047DA,152,norflash_write_core,STORAGE_FS,high,fm1_sig,45,3,4,"Write to NVRAM/flash storage with scrambling  or memmove for RAM region"
0x02004872,20,norflash_write,STORAGE_FS,high,fm1_sig,9,31,1,"Storage write wrapper returning length or 0 on failure"
0x02004886,18,pow2_u32,MATHLIB,high,fm1_sig,8,4,0,"Round up to next power of two (returns smallest 2^n >= input)"
0x02004898,446,norflash_ioctl,STORAGE_FS,high,fm1_sig,148,12,7,"Device/flash ioctl dispatcher: decodes command codes  touches controller SFR 0x40300  mutex-guarded"
0x02004A56,38,flash_partition_ioctl,STORAGE_FS,high,fm1_sig,12,30,1,"Select flash partition descriptor by index and issue the mapped device ioctl (cmd mask)"
0x02004A7C,136,norflash_read_core,STORAGE_FS,high,fm1_sig,45,4,2,"Read from NVRAM/flash storage in 256-byte pages via mask-ROM read"
0x02004B04,20,norflash_write,STORAGE_FS,high,fm1_sig,9,37,1,"Storage write wrapper returning length or 0 on failure"
0x02004B18,42,gpio_pr_dir_set,PERIPH,high,fm1_sig,13,2,0,"GPIO: set bit in special-port SFR 0x809A for pins 0/1 (returns -22 for others)"
0x02004B42,142,fn_02004B42,PERIPH,inferred,locality,48,25,3,"Inferred from neighboring translation unit (PERIPH)"
0x02004BD0,32,gpio_input_pullup,PERIPH,high,fm1_sig,13,2,4,"GPIO: configure a pin as combo (set dir + attr regs +8/+16/+20) via sub-helpers"
0x02004BF0,28,gpio_pin16_dir_sfr,PERIPH,high,fm1_sig,9,1,0,"GPIO: special-pin 16 configuration via SFR indices 32 and 154"
0x02004C0C,152,fn_02004C0C,PERIPH,inferred,locality,52,7,5,"Inferred from neighboring translation unit (PERIPH)"
0x02004CA4,34,gpio_config_input_hiz,PERIPH,high,fm1_sig,14,2,4,"GPIO: configure pin combo (clear dir + set attr +8  clear +20/+16)"
0x02004CC6,234,fn_02004CC6,PERIPH,inferred,locality,72,2,10,"Inferred from neighboring translation unit (PERIPH)"
0x02004DB0,34,fn_02004DB0,PERIPH,inferred,locality,10,1,2,"Inferred from neighboring translation unit (PERIPH)"
0x02004DD2,36,gpio_config_input_hiz,PERIPH,high,fm1_sig,14,3,4,"GPIO: configure pin combo (clear dir + set attr +8  clear +20/+16)"
0x02004DF6,34,fn_02004DF6,PERIPH,inferred,locality,10,1,2,"Inferred from neighboring translation unit (PERIPH)"
0x02004E18,120,fn_02004E18,PERIPH,inferred,locality,40,2,8,"Inferred from neighboring translation unit (PERIPH)"
0x02004E90,36,fn_02004E90,PERIPH,inferred,locality,10,9,0,"Inferred from neighboring translation unit (PERIPH)"
0x02004EB4,84,fn_02004EB4,PERIPH,inferred,locality,30,2,2,"Inferred from neighboring translation unit (PERIPH)"
0x02004F08,354,fn_02004F08,PERIPH,inferred,locality,114,1,16,"Inferred from neighboring translation unit (PERIPH)"
0x0200506A,232,fn_0200506A,PERIPH,inferred,locality,80,2,3,"Inferred from neighboring translation unit (PERIPH)"
0x02005152,62,fn_02005152,PERIPH,inferred,locality,23,4,0,"Inferred from neighboring translation unit (PERIPH)"
0x02005190,72,arena_alloc_zero,MEMLIB,high,fm1_sig,24,9,1,"Bump/pool allocator: 4-byte aligns the heap pointer  bounds-checks against limit  zero-fills and returns the block"
0x020051D8,594,exp2f_lut,MATHLIB,high,fm1_sig,149,3,0,"Float transcendental (pow/exp2-style) via table interpolation with pi/sqrt2 constants; used to compute effect coefficients"
0x0200542A,206,fn_0200542A,PERIPH,inferred,locality,51,2,0,"Inferred from neighboring translation unit (PERIPH)"
0x020054F8,26,fn_020054F8,PERIPH,inferred,locality,6,2,0,"Inferred from neighboring translation unit (PERIPH)"
0x02005512,28,fn_02005512,PERIPH,inferred,locality,8,2,1,"Inferred from neighboring translation unit (PERIPH)"
0x0200552E,96,fn_0200552E,PERIPH,inferred,locality,22,2,5,"Inferred from neighboring translation unit (PERIPH)"
0x0200558E,106,fn_0200558E,PERIPH,inferred,locality,27,2,1,"Inferred from neighboring translation unit (PERIPH)"
0x020055F8,52,fn_020055F8,PERIPH,inferred,locality,15,2,0,"Inferred from neighboring translation unit (PERIPH)"
0x0200562C,52,fn_0200562C,PERIPH,inferred,locality,15,2,0,"Inferred from neighboring translation unit (PERIPH)"
0x02005660,384,fn_02005660,PERIPH,inferred,locality,138,5,5,"Inferred from neighboring translation unit (PERIPH)"
0x020057E0,168,dx7_lfo_params_compute,SYNTH_FM,high,fm1_sig,55,2,0,"Compute LFO/pitch/portamento rate parameters from DX7 patch bytes (division + scaling)"
0x02005888,1828,fn_02005888,SYNTH_FM,inferred,locality,482,1,28,"Inferred from neighboring translation unit (SYNTH_FM)"
0x02005FAC,1960,fn_02005FAC,SYNTH_FM,inferred,locality,645,1,66,"Inferred from neighboring translation unit (SYNTH_FM)"
0x02006754,10,_cleanup_r,MEMLIB,high,toolchain_lib,4,4,1,"Toolchain SDK: _cleanup_r"
0x0200675E,24,fn_0200675E,SYNTH_FM,inferred,locality,7,3,0,"Inferred from neighboring translation unit (SYNTH_FM)"
0x02006776,3234,fn_02006776,SYNTH_FM,inferred,locality,1023,0,79,"Inferred from neighboring translation unit (SYNTH_FM)"
0x02007418,60,boot_record_load,MISC,high,fm1_sig,21,1,1,"Load/verify calibration record at RAM 0x1C7FD80 (78-byte check)  pack value into global+140  then clear region"
0x02007454,30,usb_func_cb_register,MISC,high,fm1_sig,10,9,0,"Register a handler pointer into object[r0] table (0x1C0E910) at +32  slot r1 (<=7)"
0x02007472,212,fn_02007472,MISC,inferred,locality,75,3,7,"Inferred from neighboring translation unit (MISC)"
0x02007546,142,fn_02007546,MISC,inferred,locality,58,5,2,"Inferred from neighboring translation unit (MISC)"
0x020075D4,6,fn_020075D4,MISC,inferred,locality,2,13,0,"Inferred from neighboring translation unit (MISC)"
0x020075DA,50,usb_ep_cfg_ptr_set,AUDIO_DSP,high,fm1_sig,18,6,0,"Cache a channel parameter into per-object param tables (SFR-struct +1512/+1552)"
0x0200760C,104,usb_ep_dma_cfg_set,AUDIO_DSP,high,fm1_sig,38,2,0,"Store value into sound-channel object shadow arrays (bank B: obj +8/+20/+24 and 0x5A08 table)"
0x02007674,22,usb_ep_struct_reg6_write,AUDIO_DSP,high,fm1_sig,7,2,0,"Store value into sound-channel object array (bank A  +56-4)"
0x0200768A,46,usb_sfr_write,PERIPH,high,fm1_sig,17,19,0,"Indirect HW register write to peripheral 0x11800 (addr<<8|data to +4  busy-wait on ready bit)"
0x020076B8,10,__cxa_finalize,MEMLIB,high,toolchain_lib,5,9,1,"Toolchain SDK: __cxa_finalize"
0x020076C2,124,usb_ep_reg19_write,AUDIO_OUT,high,fm1_sig,44,2,2,"Write sound-channel reg19 plus RAM shadow  under critical section"
0x0200773E,134,usb_ep_reg20_21_write,AUDIO_OUT,high,fm1_sig,47,5,3,"Write sound-channel regs20/21 (low/high byte) plus RAM shadow (bank A)"
0x020077C4,54,usb_sfr_read,PERIPH,high,fm1_sig,21,17,0,"Indirect HW register read from peripheral 0x11800 (busy-wait)  returns low byte"
0x020077FA,148,usb_ep_enable2,AUDIO_OUT,high,fm1_sig,52,2,4,"Set channel enable/mute mask (regs9/10) with per-channel bit  or shadow mask at 0x16008 (bank A)"
0x0200788E,112,usb_ep_dma_adr_set,AUDIO_DSP,high,fm1_sig,41,10,0,"Store value into sound-channel object shadow arrays (bank A: +52/+60 and 0x5A08+1)"
0x020078FE,22,usb_ep_struct_reg6_write,AUDIO_DSP,high,fm1_sig,7,2,0,"Store value into sound-channel object array (bank A  +56-4)"
0x02007914,128,usb_ep_reg19_write,AUDIO_OUT,high,fm1_sig,44,2,2,"Write sound-channel reg19 plus RAM shadow  under critical section"
0x02007994,136,usb_ep_reg20_21_write,AUDIO_OUT,high,fm1_sig,47,4,3,"Write sound-channel regs20/21 (low/high byte) plus RAM shadow (bank A)"
0x02007A1C,22,usb_ep_struct_reg6_write,AUDIO_DSP,high,fm1_sig,7,2,0,"Store value into sound-channel object array (bank A  +56-4)"
0x02007A32,152,usb_ep_enable2,AUDIO_OUT,high,fm1_sig,52,2,4,"Set channel enable/mute mask (regs9/10) with per-channel bit  or shadow mask at 0x16008 (bank A)"
0x02007ACA,298,usb_ep_config,AUDIO_OUT,high,fm1_sig,98,8,18,"Program a full sound-generator channel: frequency/amplitude/waveform/mute across both register banks"
0x02007BF4,252,fn_02007BF4,AUDIO_OUT,inferred,locality,87,1,10,"Inferred from neighboring translation unit (AUDIO_OUT)"
0x02007CF0,26,usb_get_ep_buffer,USB,high,fm1_sig,8,3,0,"Get per-endpoint config field (chan_table[ep] + 68 + idx*4)  else 0"
0x02007D0A,136,usb_rxcsr_read,USB,high,fm1_sig,47,3,3,"Read endpoint RX CSR under lock: SFR 0x16104+ep*16 or MUSB indexed regs 20/21"
0x02007D92,938,fn_02007D92,USB,inferred,locality,306,0,15,"Inferred from neighboring translation unit (USB)"
0x0200813C,136,usb_rxcsr_read,USB,high,fm1_sig,47,2,3,"Read endpoint RX CSR under lock: SFR 0x16104+ep*16 or MUSB indexed regs 20/21"
0x020081C4,548,usb_ep_read,USB,high,fm1_sig,184,1,12,"Endpoint RX FIFO read pump: copy received bytes from FIFO into destination buffer"
0x020083E8,80,fn_020083E8,USB,inferred,locality,29,5,0,"Inferred from neighboring translation unit (USB)"
0x02008438,634,fn_02008438,USB,inferred,locality,207,0,14,"Inferred from neighboring translation unit (USB)"
0x020086B2,86,usb_device_hold,USB,high,fm1_sig,26,3,2,"Enable USB endpoint/controller hardware via clock gating (0x3904) and register config"
0x02008708,28,usb_add_desc_config,USB,high,fm1_sig,10,2,0,"Set per-device endpoint slot[0..7] in table 0x1c0e520  or clear all 8 slots"
0x02008724,82,uac_config_init,AUDIO_OUT,high,fm1_sig,26,1,0,"Init audio-stream config struct: sample rate 44100  buffer ptrs  default volume/params"
0x02008776,100,usb_config_desc_build,USB,high,fm1_sig,39,1,2,"Build descriptor/report by invoking per-device registered slot callbacks  fill length header"
0x020087DA,176,usb_sie_init,USB,high,fm1_sig,52,2,2,"USB controller/endpoint hardware init: PLL/clock enable and control-register setup"
0x0200888A,116,usb_sie_power_write,USB,high,fm1_sig,40,1,1,"Write control value 96 to controller (SFR 0x16000 or MUSB indexed reg 1) under lock"
0x020088FE,110,usb_intr_usbe_write,USB,high,fm1_sig,37,3,1,"Write control reg 11 (SFR 0x1600A or MUSB indexed) under lock"
0x0200896C,174,usb_set_intr_rxe,USB,high,fm1_sig,59,4,4,"Clear a bit in RX interrupt-enable mask (MUSB regs 9:10 / SFR 0x16008) under lock"
0x02008A1A,174,usb_set_intr_rxe,USB,high,fm1_sig,59,4,4,"Clear a bit in RX interrupt-enable mask (MUSB regs 9:10 / SFR 0x16008) under lock"
0x02008AC8,12,usb_id2device,USB,high,fm1_sig,3,1,0,"Get per-device endpoint handler-table pointer from table 0x1c0e910"
0x02008AD4,520,fn_02008AD4,USB,inferred,locality,170,0,25,"Inferred from neighboring translation unit (USB)"
0x02008CDC,150,usb_read_ep0,USB,high,fm1_sig,51,2,1,"Read N bytes from RX FIFO (SFR 0x16020) into buffer under lock"
0x02008D72,90,uac_sync_rate_init,AUDIO_DSP,high,fm1_sig,26,1,0,"Compute resample ratio from stream sample rate; reset SRC phase accumulators"
0x02008DCC,504,fn_02008DCC,AUDIO_DSP,inferred,locality,175,0,19,"Inferred from neighboring translation unit (AUDIO_DSP)"
0x02008FC4,1550,fn_02008FC4,AUDIO_DSP,inferred,locality,554,1,33,"Inferred from neighboring translation unit (AUDIO_DSP)"
0x020095D2,368,fn_020095D2,AUDIO_DSP,inferred,locality,126,0,4,"Inferred from neighboring translation unit (AUDIO_DSP)"
0x02009742,120,usb_ep0_csr_read,USB,high,fm1_sig,41,1,2,"Read controller global status under lock (SFR 0x16102 or MUSB indexed reg 17)"
0x020097BA,124,usb_ep0_csr_write,USB,high,fm1_sig,43,5,2,"Write controller control register under lock (SFR 0x16102 or MUSB indexed reg 17)"
0x02009836,38,usb_ep_int_enable,USB,high,fm1_sig,17,1,3,"Set endpoint enable/trigger bit (arg+19) in 0x11800; control-write helper wrappers"
0x0200985C,180,fn_0200985C,USB,inferred,locality,67,0,6,"Inferred from neighboring translation unit (USB)"
0x02009910,12,fn_02009910,USB,inferred,locality,4,2,0,"Inferred from neighboring translation unit (USB)"
0x0200991C,96,fn_0200991C,USB,inferred,locality,38,35,0,"Inferred from neighboring translation unit (USB)"
0x0200997C,634,fn_0200997C,USB,inferred,locality,216,283,5,"Inferred from neighboring translation unit (USB)"
0x02009BF6,10,ui_win_aux_get4,UI_MENU,high,fm1_sig,4,14,0,"Null-safe accessor: return obj?[obj+4]:0 (element link)"
0x02009C00,24,fn_02009C00,UI_MENU,inferred,locality,9,2,0,"Inferred from neighboring translation unit (UI_MENU)"
0x02009C18,38,fn_02009C18,UI_MENU,inferred,locality,16,7,0,"Inferred from neighboring translation unit (UI_MENU)"
0x02009C3E,232,fn_02009C3E,UI_MENU,inferred,locality,90,1,4,"Inferred from neighboring translation unit (UI_MENU)"
0x02009D26,54,fn_02009D26,UI_MENU,inferred,locality,21,57,1,"Inferred from neighboring translation unit (UI_MENU)"
0x02009D5C,26,event_post_notify,USB,high,fm1_sig,10,3,1,"Query descriptor attribute (type 44  flags 0xE0010000) via traversal  return 16-bit"
0x02009D76,8,fn_02009D76,USB,inferred,locality,4,21,0,"Inferred from neighboring translation unit (USB)"
0x02009D7E,16,ui_elm_offset16_get_neg,UI_MENU,high,fm1_sig,6,9,0,"Get parent container horizontal scroll offset (-parent[+16])  0 if no parent"
0x02009D8E,224,fn_02009D8E,UI_MENU,inferred,locality,81,9,8,"Inferred from neighboring translation unit (UI_MENU)"
0x02009E6E,138,param_commit_update,USB,high,fm1_sig,53,7,4,"Populate a descriptor/service entry: compute handle ranges and attribute fields"
0x02009EF8,130,fn_02009EF8,USB,inferred,locality,54,7,0,"Inferred from neighboring translation unit (USB)"
0x02009F7A,40,zalloc_or_static,MEMLIB,high,fm1_sig,16,25,2,"Allocate (or fall back to static) a zero-initialized 28-byte object"
0x02009FA2,22,free_if_heap,MEMLIB,high,fm1_sig,6,32,1,"Free object unless it is the shared static default (0x1c07d68)"
0x02009FB8,190,fn_02009FB8,USB,inferred,locality,70,2,2,"Inferred from neighboring translation unit (USB)"
0x0200A076,8,fn_0200A076,USB,inferred,locality,4,14,0,"Inferred from neighboring translation unit (USB)"
0x0200A07E,84,fn_0200A07E,USB,inferred,locality,32,6,2,"Inferred from neighboring translation unit (USB)"
0x0200A0D2,12,bt_link_flag_set,USB,inferred,locality,4,2,0,"Inferred from neighboring translation unit (USB)"
0x0200A0DE,12,flags_clear_bit0,USB,high,fm1_sig,4,3,0,"Clear bit0 of state byte at offset 20 in endpoint/descriptor object"
0x0200A0EA,38,fn_0200A0EA,USB,inferred,locality,13,4,2,"Inferred from neighboring translation unit (USB)"
0x0200A110,80,fn_0200A110,USB,inferred,locality,31,17,4,"Inferred from neighboring translation unit (USB)"
0x0200A160,162,fn_0200A160,USB,inferred,locality,51,3,4,"Inferred from neighboring translation unit (USB)"
0x0200A202,122,fn_0200A202,USB,inferred,locality,51,53,0,"Inferred from neighboring translation unit (USB)"
0x0200A27C,32,fn_0200A27C,USB,inferred,locality,12,5,1,"Inferred from neighboring translation unit (USB)"
0x0200A29C,40,fn_0200A29C,USB,inferred,locality,13,11,3,"Inferred from neighboring translation unit (USB)"
0x0200A2C4,10,ui_win_aux_get4,UI_MENU,high,fm1_sig,4,14,0,"Null-safe accessor: return obj?[obj+4]:0 (element link)"
0x0200A2CE,12,ui_elm_get_scroll,UI_DISPLAY,high,fm1_sig,5,5,0,"Null-safe get element border/inset width from bitfield h[obj+22] (signed)  used for clip inset"
0x0200A2DA,12,fn_0200A2DA,UI_DISPLAY,inferred,locality,6,4,1,"Inferred from neighboring translation unit (UI_DISPLAY)"
0x0200A2E6,66,fn_0200A2E6,UI_DISPLAY,inferred,locality,25,10,2,"Inferred from neighboring translation unit (UI_DISPLAY)"
0x0200A328,22,ui_elm_get_zorder,UI_MENU,high,fm1_sig,8,27,0,"Accessor: return field +32 of element or default manager (global[176])"
0x0200A33E,22,ui_elm_get_zorder,UI_MENU,high,fm1_sig,8,6,0,"Accessor: return field +32 of element or default manager (global[176])"
0x0200A354,22,ui_elm_get_zorder,UI_MENU,high,fm1_sig,8,2,0,"Accessor: return field +32 of element or default manager (global[176])"
0x0200A36A,108,ui_rect_union,UI_DISPLAY,high,fm1_sig,36,42,0,"Rectangle intersection: out=max(lefts/tops) min(rights/bottoms); return 1 if non-empty"
0x0200A3D6,174,fn_0200A3D6,UI_DISPLAY,inferred,locality,66,2,9,"Inferred from neighboring translation unit (UI_DISPLAY)"
0x0200A484,42,fn_0200A484,UI_DISPLAY,inferred,locality,16,9,0,"Inferred from neighboring translation unit (UI_DISPLAY)"
0x0200A4AE,42,fn_0200A4AE,UI_DISPLAY,inferred,locality,16,7,0,"Inferred from neighboring translation unit (UI_DISPLAY)"
0x0200A4D8,332,fn_0200A4D8,UI_DISPLAY,inferred,locality,111,13,4,"Inferred from neighboring translation unit (UI_DISPLAY)"
0x0200A624,156,fn_0200A624,UI_DISPLAY,inferred,locality,52,18,4,"Inferred from neighboring translation unit (UI_DISPLAY)"
0x0200A6C0,258,fn_0200A6C0,UI_DISPLAY,inferred,locality,92,12,7,"Inferred from neighboring translation unit (UI_DISPLAY)"
0x0200A7C2,78,fn_0200A7C2,UI_DISPLAY,inferred,locality,29,39,4,"Inferred from neighboring translation unit (UI_DISPLAY)"
0x0200A810,40,ui_elm_mark_dirty,UI_DISPLAY,high,fm1_sig,13,13,3,"Mark element (and owning window) needs-redraw: set flags 1|2 at +34 and notify manager"
0x0200A838,64,ui_elm_alloc_aux,UI_MENU,high,fm1_sig,21,5,2,"Allocate & zero-init 28-byte element extra/state struct and set default flag bits"
0x0200A878,88,fn_0200A878,UI_MENU,inferred,locality,35,5,4,"Inferred from neighboring translation unit (UI_MENU)"
0x0200A8D0,60,fn_0200A8D0,UI_MENU,inferred,locality,23,1,5,"Inferred from neighboring translation unit (UI_MENU)"
0x0200A90C,236,fn_0200A90C,UI_MENU,inferred,locality,69,5,10,"Inferred from neighboring translation unit (UI_MENU)"
0x0200A9F8,238,fn_0200A9F8,UI_MENU,inferred,locality,82,5,4,"Inferred from neighboring translation unit (UI_MENU)"
0x0200AAE6,10,ui_win_aux_get4,UI_MENU,high,fm1_sig,4,4,0,"Null-safe accessor: return obj?[obj+4]:0 (element link)"
0x0200AAF0,10,ui_win_aux_get4,UI_MENU,high,fm1_sig,4,2,0,"Null-safe accessor: return obj?[obj+4]:0 (element link)"
0x0200AAFA,10,ui_win_aux_get4,UI_MENU,high,fm1_sig,4,1,0,"Null-safe accessor: return obj?[obj+4]:0 (element link)"
0x0200AB04,28,fn_0200AB04,UI_MENU,inferred,locality,9,4,1,"Inferred from neighboring translation unit (UI_MENU)"
0x0200AB20,70,fn_0200AB20,UI_MENU,inferred,locality,28,3,1,"Inferred from neighboring translation unit (UI_MENU)"
0x0200AB66,542,fn_0200AB66,UI_MENU,inferred,locality,197,0,22,"Inferred from neighboring translation unit (UI_MENU)"
0x0200AD84,166,fn_0200AD84,UI_MENU,inferred,locality,63,23,1,"Inferred from neighboring translation unit (UI_MENU)"
0x0200AE2A,10,_cleanup_r,MEMLIB,high,toolchain_lib,4,24,1,"Toolchain SDK: _cleanup_r"
0x0200AE34,150,fn_0200AE34,UI_MENU,inferred,locality,58,2,4,"Inferred from neighboring translation unit (UI_MENU)"
0x0200AECA,212,fn_0200AECA,UI_MENU,inferred,locality,83,7,3,"Inferred from neighboring translation unit (UI_MENU)"
0x0200AF9E,44,ui_dlist_push_alloc,MEMLIB,high,fm1_sig,19,5,1,"Allocate a chunk (size+8 header) and append it to an intrusive list (head/tail/size)"
0x0200AFCA,46,ui_element_init_defaults,UI_MENU,high,fm1_sig,16,6,1,"Initialize widget/animation descriptor defaults (500ms  100  base ptr  flags)"
0x0200AFF8,8,cache_flushinv_range_call,UI_MENU,inferred,locality,3,10,1,"Inferred from neighboring translation unit (UI_MENU)"
0x0200B000,364,fn_0200B000,UI_MENU,inferred,locality,162,16,0,"Inferred from neighboring translation unit (UI_MENU)"
0x0200B16C,138,fn_0200B16C,UI_MENU,inferred,locality,49,7,5,"Inferred from neighboring translation unit (UI_MENU)"
0x0200B1F6,300,ui_elm_anim_action_start,UI_MENU,high,fm1_sig,108,1,9,"Create/enqueue a UI transition/animation node: read element attrs  alloc node  install callback vtable"
0x0200B322,954,fn_0200B322,UI_MENU,inferred,locality,349,21,39,"Inferred from neighboring translation unit (UI_MENU)"
0x0200B6DC,18,fn_0200B6DC,UI_MENU,inferred,locality,6,30,0,"Inferred from neighboring translation unit (UI_MENU)"
0x0200B6EE,20,fn_0200B6EE,UI_MENU,inferred,locality,6,24,0,"Inferred from neighboring translation unit (UI_MENU)"
0x0200B702,20,ui_elm_container_get,UI_MENU,high,fm1_sig,9,2,0,"Accessor: return elem[+48] if object vtable type matches  else 0"
0x0200B716,216,fn_0200B716,UI_MENU,inferred,locality,78,7,8,"Inferred from neighboring translation unit (UI_MENU)"
0x0200B7EE,16,ui_elm_offset16_get_neg,UI_MENU,high,fm1_sig,6,8,0,"Get parent container horizontal scroll offset (-parent[+16])  0 if no parent"
0x0200B7FE,8,fn_0200B7FE,UI_MENU,inferred,locality,4,20,0,"Inferred from neighboring translation unit (UI_MENU)"
0x0200B806,82,fn_0200B806,UI_MENU,inferred,locality,31,4,4,"Inferred from neighboring translation unit (UI_MENU)"
0x0200B858,58,ui_ctx_state_check,UI_MENU,high,fm1_sig,22,9,2,"Query a widget capability/state attribute flag (key 0x1069)"
0x0200B892,80,fn_0200B892,UI_MENU,inferred,locality,31,2,4,"Inferred from neighboring translation unit (UI_MENU)"
0x0200B8E2,28,fn_0200B8E2,UI_MENU,inferred,locality,10,2,1,"Inferred from neighboring translation unit (UI_MENU)"
0x0200B8FE,18,ui_rect_copy,UI_DISPLAY,high,fm1_sig,9,6,0,"Copy a widget rectangle (4 halfwords x y w h) to destination"
0x0200B910,26,ui_rect_expand,UI_MENU,high,fm1_sig,13,1,0,"Inset/expand a rectangle: left-=dx right+=dx top-=dy bottom+=dy"
0x0200B92A,144,fn_0200B92A,UI_MENU,inferred,locality,56,5,7,"Inferred from neighboring translation unit (UI_MENU)"
0x0200B9BA,16,ui_elm_scroll_dir_flags,UI_MENU,high,fm1_sig,5,2,0,"Accessor: return nibble field of elem[+25] if element present"
0x0200B9CA,188,fn_0200B9CA,UI_MENU,inferred,locality,68,4,7,"Inferred from neighboring translation unit (UI_MENU)"
0x0200BA86,16,ui_elm_scroll_dir_flags,UI_MENU,high,fm1_sig,5,4,0,"Accessor: return nibble field of elem[+25] if element present"
0x0200BA96,26,ui_elm_scroll_mode_get,UI_MENU,high,fm1_sig,10,2,0,"Accessor: return elem[+68]&0xF (4-bit field) if vtable type matches  else 0"
0x0200BAB0,28,ui_scroll_list_len_get,UI_MENU,high,fm1_sig,10,11,0,"Get global UI config value (default cell/line metric)  fallback 60"
0x0200BACC,1406,fn_0200BACC,UI_MENU,inferred,locality,482,5,28,"Inferred from neighboring translation unit (UI_MENU)"
0x0200C04A,28,ui_rect_area,UI_MENU,high,fm1_sig,10,14,0,"Compute rectangle area = (right+1-left)*(bottom+1-top)"
0x0200C066,56,ui_scrollbar_redraw,UI_MENU,high,fm1_sig,25,5,6,"Recompute element layout and invalidate old/new region when rect changed"
0x0200C09E,18,fn_0200C09E,UI_MENU,inferred,locality,6,2,0,"Inferred from neighboring translation unit (UI_MENU)"
0x0200C0B0,26,ui_anim_step_calc,UI_MENU,high,fm1_sig,9,6,0,"Compute animation duration ~ ceil(|delta|*1000 / speed)"
0x0200C0CA,86,fn_0200C0CA,UI_MENU,inferred,locality,35,2,2,"Inferred from neighboring translation unit (UI_MENU)"
0x0200C120,64,fn_0200C120,UI_MENU,inferred,locality,27,3,3,"Inferred from neighboring translation unit (UI_MENU)"
0x0200C160,268,fn_0200C160,UI_MENU,inferred,locality,94,4,15,"Inferred from neighboring translation unit (UI_MENU)"
0x0200C26C,18,fn_0200C26C,UI_MENU,inferred,locality,6,2,0,"Inferred from neighboring translation unit (UI_MENU)"
0x0200C27E,148,fn_0200C27E,UI_MENU,inferred,locality,53,2,9,"Inferred from neighboring translation unit (UI_MENU)"
0x0200C312,282,fn_0200C312,UI_MENU,inferred,locality,112,1,16,"Inferred from neighboring translation unit (UI_MENU)"
0x0200C42C,36,fn_0200C42C,UI_MENU,inferred,locality,13,3,3,"Inferred from neighboring translation unit (UI_MENU)"
0x0200C450,1734,fn_0200C450,UI_MENU,inferred,locality,579,1,57,"Inferred from neighboring translation unit (UI_MENU)"
0x0200CB16,588,fn_0200CB16,UI_MENU,inferred,locality,193,1,17,"Inferred from neighboring translation unit (UI_MENU)"
0x0200CD62,50,fn_0200CD62,UI_MENU,inferred,locality,19,7,2,"Inferred from neighboring translation unit (UI_MENU)"
0x0200CD94,244,fn_0200CD94,UI_MENU,inferred,locality,90,2,11,"Inferred from neighboring translation unit (UI_MENU)"
0x0200CE88,36,fn_0200CE88,UI_MENU,inferred,locality,13,3,3,"Inferred from neighboring translation unit (UI_MENU)"
0x0200CEAC,16,fn_0200CEAC,UI_MENU,inferred,locality,5,1,0,"Inferred from neighboring translation unit (UI_MENU)"
0x0200CEBC,12,ui_elm_first_child_get,UI_MENU,high,fm1_sig,5,1,0,"Accessor: dereference elem vtable header ([elem][0][0]); returns 0"
0x0200CEC8,264,fn_0200CEC8,UI_MENU,inferred,locality,94,3,10,"Inferred from neighboring translation unit (UI_MENU)"
0x0200CFD0,18,ui_elm_typedata_get,UI_MENU,high,fm1_sig,7,7,0,"Type-gated accessor: return elem[+16] data ptr if element type in range [20..25]"
0x0200CFE2,74,ui_draw_style_init,UI_MENU,high,fm1_sig,28,12,1,"Initialize widget/element struct (56B) with default style values"
0x0200D02C,26,ui_text_char_class,UI_MENU,high,fm1_sig,10,6,0,"Classify leading text byte -> encoding/type code (ASCII/multibyte/empty)"
0x0200D046,886,fn_0200D046,UI_MENU,inferred,locality,329,5,36,"Inferred from neighboring translation unit (UI_MENU)"
0x0200D3BC,16,ui_draw_ctx_init,UI_MENU,high,fm1_sig,7,7,1,"Construct/zero a 72-byte object and store type/parent ptr at offset 0"
0x0200D3CC,36,fn_0200D3CC,UI_MENU,inferred,locality,16,30,0,"Inferred from neighboring translation unit (UI_MENU)"
0x0200D3F0,1040,fn_0200D3F0,UI_MENU,inferred,locality,335,12,6,"Inferred from neighboring translation unit (UI_MENU)"
0x0200D800,46,fn_0200D800,UI_MENU,inferred,locality,17,18,0,"Inferred from neighboring translation unit (UI_MENU)"
0x0200D82E,24,ui_registry_slot_clear,UI_DISPLAY,high,fm1_sig,8,16,0,"Clear a graphics handle-table entry (0x1c0e080) by index"
0x0200D846,46,fn_0200D846,UI_DISPLAY,inferred,locality,18,2,0,"Inferred from neighboring translation unit (UI_DISPLAY)"
0x0200D874,3038,fn_0200D874,UI_DISPLAY,inferred,locality,986,18,125,"Inferred from neighboring translation unit (UI_DISPLAY)"
0x0200E452,58,fn_0200E452,UI_DISPLAY,inferred,locality,20,4,1,"Inferred from neighboring translation unit (UI_DISPLAY)"
0x0200E48C,198,fn_0200E48C,UI_DISPLAY,inferred,locality,75,24,6,"Inferred from neighboring translation unit (UI_DISPLAY)"
0x0200E552,748,fn_0200E552,UI_DISPLAY,inferred,locality,270,1,20,"Inferred from neighboring translation unit (UI_DISPLAY)"
0x0200E83E,98,fn_0200E83E,UI_DISPLAY,inferred,locality,41,2,4,"Inferred from neighboring translation unit (UI_DISPLAY)"
0x0200E8A0,86,fn_0200E8A0,UI_DISPLAY,inferred,locality,34,3,3,"Inferred from neighboring translation unit (UI_DISPLAY)"
0x0200E8F6,34,ui_text_attr_init,UI_DISPLAY,high,fm1_sig,14,3,1,"Initialize a 24-byte widget/style struct with defaults"
0x0200E918,54,ui_draw_style_init,UI_DISPLAY,high,fm1_sig,18,4,1,"Initialize a 32-byte text/draw style struct (default color 0xBE24  vtable ptr)"
0x0200E94E,226,utf8_2_unicode_one,UI_DISPLAY,high,fm1_sig,78,9,0,"UTF-8 decoder returning next codepoint  advancing index (text engine)"
0x0200EA30,56,fn_0200EA30,UI_DISPLAY,inferred,locality,23,3,0,"Inferred from neighboring translation unit (UI_DISPLAY)"
0x0200EA68,50,fn_0200EA68,UI_DISPLAY,inferred,locality,23,2,0,"Inferred from neighboring translation unit (UI_DISPLAY)"
0x0200EA9A,24,fn_0200EA9A,UI_DISPLAY,inferred,locality,11,7,1,"Inferred from neighboring translation unit (UI_DISPLAY)"
0x0200EAB2,450,fn_0200EAB2,UI_DISPLAY,inferred,locality,151,5,5,"Inferred from neighboring translation unit (UI_DISPLAY)"
0x0200EC74,34,fn_0200EC74,UI_DISPLAY,inferred,locality,15,3,2,"Inferred from neighboring translation unit (UI_DISPLAY)"
0x0200EC96,118,fn_0200EC96,UI_DISPLAY,inferred,locality,49,7,3,"Inferred from neighboring translation unit (UI_DISPLAY)"
0x0200ED0C,154,fn_0200ED0C,UI_DISPLAY,inferred,locality,59,7,2,"Inferred from neighboring translation unit (UI_DISPLAY)"
0x0200EDA6,38,fn_0200EDA6,UI_DISPLAY,inferred,locality,17,3,1,"Inferred from neighboring translation unit (UI_DISPLAY)"
0x0200EDCC,68,fn_0200EDCC,UI_DISPLAY,inferred,locality,28,6,0,"Inferred from neighboring translation unit (UI_DISPLAY)"
0x0200EE10,18,ui_draw_custom_cb_invoke,UI_DISPLAY,high,fm1_sig,8,2,0,"Conditional text-run flush/commit callback dispatch"
0x0200EE22,1544,fn_0200EE22,UI_DISPLAY,inferred,locality,529,7,23,"Inferred from neighboring translation unit (UI_DISPLAY)"
0x0200F42A,62,fn_0200F42A,UI_DISPLAY,inferred,locality,24,2,4,"Inferred from neighboring translation unit (UI_DISPLAY)"
0x0200F468,12,tick_ms_elapsed,MISC,high,fm1_sig,5,6,1,"Small wrapper computing f(x)-x via helper 0x83a"
0x0200F474,16,fn_0200F474,MISC,inferred,locality,6,2,0,"Inferred from neighboring translation unit (MISC)"
0x0200F484,24,fn_0200F484,MISC,inferred,locality,8,2,0,"Inferred from neighboring translation unit (MISC)"
0x0200F49C,82,fn_0200F49C,MISC,inferred,locality,24,81,0,"Inferred from neighboring translation unit (MISC)"
0x0200F4EE,570,fn_0200F4EE,MISC,inferred,locality,188,6,4,"Inferred from neighboring translation unit (MISC)"
0x0200F728,36,ui_font_handle_release,UI_DISPLAY,high,fm1_sig,14,2,1,"Destroy/free an image/canvas resource object (dtor + buffer free)"
0x0200F74C,6,cache_flushinv_range_call,UI_DISPLAY,inferred,locality,3,2,1,"Inferred from neighboring translation unit (UI_DISPLAY)"
0x0200F752,18,fn_0200F752,UI_DISPLAY,inferred,locality,9,2,0,"Inferred from neighboring translation unit (UI_DISPLAY)"
0x0200F764,860,fn_0200F764,UI_DISPLAY,inferred,locality,296,5,26,"Inferred from neighboring translation unit (UI_DISPLAY)"
0x0200FAC0,228,fn_0200FAC0,UI_DISPLAY,inferred,locality,88,2,12,"Inferred from neighboring translation unit (UI_DISPLAY)"
0x0200FBA4,118,fn_0200FBA4,UI_DISPLAY,inferred,locality,45,4,7,"Inferred from neighboring translation unit (UI_DISPLAY)"
0x0200FC1A,50,fn_0200FC1A,UI_DISPLAY,inferred,locality,21,2,0,"Inferred from neighboring translation unit (UI_DISPLAY)"
0x0200FC4C,1028,fn_0200FC4C,UI_DISPLAY,inferred,locality,351,1,4,"Inferred from neighboring translation unit (UI_DISPLAY)"
0x02010050,1626,fn_02010050,UI_DISPLAY,inferred,locality,555,0,41,"Inferred from neighboring translation unit (UI_DISPLAY)"
0x020106AA,2364,fn_020106AA,UI_DISPLAY,inferred,locality,780,0,11,"Inferred from neighboring translation unit (UI_DISPLAY)"
0x02010FE6,48,fn_02010FE6,UI_DISPLAY,inferred,locality,16,2,1,"Inferred from neighboring translation unit (UI_DISPLAY)"
0x02011016,128,fn_02011016,UI_DISPLAY,inferred,locality,52,2,3,"Inferred from neighboring translation unit (UI_DISPLAY)"
0x02011096,306,ui_res_read,UI_DISPLAY,high,fm1_sig,128,5,4,"Read decoded image scanline/rows through a cached decoder with memmove"
0x020111C8,218,ui_res_style_load,UI_DISPLAY,high,fm1_sig,85,1,8,"Free image decoder context; open image resource / parse color value"
0x020112A2,48,ui_image_format_bpp,UI_DISPLAY,high,fm1_sig,22,5,0,"Map pixel-format code (4..14) to bits/bytes-per-pixel"
0x020112D2,50,fn_020112D2,UI_DISPLAY,inferred,locality,18,1,3,"Inferred from neighboring translation unit (UI_DISPLAY)"
0x02011304,1278,fn_02011304,UI_DISPLAY,inferred,locality,458,0,27,"Inferred from neighboring translation unit (UI_DISPLAY)"
0x02011802,294,ui_draw_line_setup,UI_DISPLAY,high,fm1_sig,106,9,1,"Set up line-drawing primitive (endpoints  abs deltas  fixed-point slope)"
0x02011928,62,fn_02011928,UI_DISPLAY,inferred,locality,25,2,3,"Inferred from neighboring translation unit (UI_DISPLAY)"
0x02011966,8374,fn_02011966,UI_DISPLAY,inferred,locality,2936,0,86,"Inferred from neighboring translation unit (UI_DISPLAY)"
0x02013A1C,160,fn_02013A1C,UI_DISPLAY,inferred,locality,53,9,4,"Inferred from neighboring translation unit (UI_DISPLAY)"
0x02013ABC,80,fn_02013ABC,UI_DISPLAY,inferred,locality,32,8,2,"Inferred from neighboring translation unit (UI_DISPLAY)"
0x02013B0C,48,ui_element_draw_call,UI_DISPLAY,high,fm1_sig,21,40,1,"Intersect widget clip rect then invoke widget draw callbacks"
0x02013B3C,124,fn_02013B3C,UI_DISPLAY,inferred,locality,52,14,0,"Inferred from neighboring translation unit (UI_DISPLAY)"
0x02013BB8,222,fn_02013BB8,UI_DISPLAY,inferred,locality,85,4,1,"Inferred from neighboring translation unit (UI_DISPLAY)"
0x02013C96,194,fn_02013C96,UI_DISPLAY,inferred,locality,75,4,0,"Inferred from neighboring translation unit (UI_DISPLAY)"
0x02013D58,3230,fn_02013D58,UI_DISPLAY,inferred,locality,1115,24,36,"Inferred from neighboring translation unit (UI_DISPLAY)"
0x020149F6,3724,fn_020149F6,UI_DISPLAY,inferred,locality,1252,0,72,"Inferred from neighboring translation unit (UI_DISPLAY)"
0x02015882,366,fn_02015882,UI_DISPLAY,inferred,locality,137,2,3,"Inferred from neighboring translation unit (UI_DISPLAY)"
0x020159F0,1688,fn_020159F0,UI_DISPLAY,inferred,locality,606,2,26,"Inferred from neighboring translation unit (UI_DISPLAY)"
0x02016088,488,fn_02016088,UI_DISPLAY,inferred,locality,171,2,8,"Inferred from neighboring translation unit (UI_DISPLAY)"
0x02016270,5496,fn_02016270,UI_DISPLAY,inferred,locality,1837,0,122,"Inferred from neighboring translation unit (UI_DISPLAY)"
0x020177E8,8,cmp_u16,MEMLIB,high,fm1_sig,4,2,0,"u16 comparator returning h[r0]-h[r1] (binary-search callback for font cmap)"
0x020177F0,1090,fn_020177F0,UI_DISPLAY,inferred,locality,397,0,11,"Inferred from neighboring translation unit (UI_DISPLAY)"
0x02017C32,176,fn_02017C32,UI_DISPLAY,inferred,locality,74,4,2,"Inferred from neighboring translation unit (UI_DISPLAY)"
0x02017CE2,102,fn_02017CE2,UI_DISPLAY,inferred,locality,36,44,9,"Inferred from neighboring translation unit (UI_DISPLAY)"
0x02017D48,110,ui_ctx_release,UI_DISPLAY,high,fm1_sig,39,36,10,"Invalidate widget and free cached image/text render resources by dirty flags"
0x02017DB6,108,fn_02017DB6,UI_DISPLAY,inferred,locality,41,1,5,"Inferred from neighboring translation unit (UI_DISPLAY)"
0x02017E22,172,fn_02017E22,UI_DISPLAY,inferred,locality,65,4,6,"Inferred from neighboring translation unit (UI_DISPLAY)"
0x02017ECE,1166,fn_02017ECE,UI_DISPLAY,inferred,locality,385,4,41,"Inferred from neighboring translation unit (UI_DISPLAY)"
0x0201835C,274,fn_0201835C,UI_DISPLAY,inferred,locality,96,2,7,"Inferred from neighboring translation unit (UI_DISPLAY)"
0x0201846E,42,fn_0201846E,UI_DISPLAY,inferred,locality,17,4,3,"Inferred from neighboring translation unit (UI_DISPLAY)"
0x02018498,116,fn_02018498,UI_DISPLAY,inferred,locality,43,3,4,"Inferred from neighboring translation unit (UI_DISPLAY)"
0x0201850C,122,fn_0201850C,UI_DISPLAY,inferred,locality,44,2,4,"Inferred from neighboring translation unit (UI_DISPLAY)"
0x02018586,18,fn_02018586,UI_DISPLAY,inferred,locality,9,2,2,"Inferred from neighboring translation unit (UI_DISPLAY)"
0x02018598,208,fn_02018598,UI_DISPLAY,inferred,locality,72,3,8,"Inferred from neighboring translation unit (UI_DISPLAY)"
0x02018668,42,fn_02018668,UI_DISPLAY,inferred,locality,14,3,0,"Inferred from neighboring translation unit (UI_DISPLAY)"
0x02018692,24,ui_line_attr_init,UI_DISPLAY,high,fm1_sig,11,2,1,"Initialize a 10-byte text-run/style struct with defaults"
0x020186AA,194,fn_020186AA,UI_DISPLAY,inferred,locality,76,2,7,"Inferred from neighboring translation unit (UI_DISPLAY)"
0x0201876C,1060,fn_0201876C,UI_DISPLAY,inferred,locality,343,0,37,"Inferred from neighboring translation unit (UI_DISPLAY)"
0x02018B90,14,fn_02018B90,UI_DISPLAY,inferred,locality,6,2,0,"Inferred from neighboring translation unit (UI_DISPLAY)"
0x02018B9E,112,fn_02018B9E,UI_DISPLAY,inferred,locality,44,2,5,"Inferred from neighboring translation unit (UI_DISPLAY)"
0x02018C0E,1880,fn_02018C0E,UI_DISPLAY,inferred,locality,640,11,50,"Inferred from neighboring translation unit (UI_DISPLAY)"
0x02019366,64,fn_02019366,UI_DISPLAY,inferred,locality,23,3,3,"Inferred from neighboring translation unit (UI_DISPLAY)"
0x020193A6,360,fn_020193A6,UI_DISPLAY,inferred,locality,125,5,14,"Inferred from neighboring translation unit (UI_DISPLAY)"
0x0201950E,112,fn_0201950E,UI_DISPLAY,inferred,locality,39,2,3,"Inferred from neighboring translation unit (UI_DISPLAY)"
0x0201957E,2292,fn_0201957E,UI_DISPLAY,inferred,locality,757,1,57,"Inferred from neighboring translation unit (UI_DISPLAY)"
0x02019E72,46,utf8_sequence_length,MEMLIB,high,fm1_sig,16,3,0,"Return UTF-8 encoded length (1-4) from a lead byte"
0x02019EA0,36,fn_02019EA0,UI_DISPLAY,inferred,locality,16,2,1,"Inferred from neighboring translation unit (UI_DISPLAY)"
0x02019EC4,36,fn_02019EC4,UI_DISPLAY,inferred,locality,13,3,1,"Inferred from neighboring translation unit (UI_DISPLAY)"
0x02019EE8,78,fn_02019EE8,UI_DISPLAY,inferred,locality,28,2,2,"Inferred from neighboring translation unit (UI_DISPLAY)"
0x02019F36,56,fn_02019F36,UI_DISPLAY,inferred,locality,20,4,1,"Inferred from neighboring translation unit (UI_DISPLAY)"
0x02019F6E,64,fn_02019F6E,UI_DISPLAY,inferred,locality,27,2,2,"Inferred from neighboring translation unit (UI_DISPLAY)"
0x02019FAE,562,fn_02019FAE,UI_DISPLAY,inferred,locality,199,1,18,"Inferred from neighboring translation unit (UI_DISPLAY)"
0x0201A1E0,1216,fn_0201A1E0,UI_DISPLAY,inferred,locality,410,4,43,"Inferred from neighboring translation unit (UI_DISPLAY)"
0x0201A6A0,1274,fn_0201A6A0,UI_DISPLAY,inferred,locality,426,149,48,"Inferred from neighboring translation unit (UI_DISPLAY)"
0x0201AB9A,20,fn_0201AB9A,UI_DISPLAY,inferred,locality,7,2,0,"Inferred from neighboring translation unit (UI_DISPLAY)"
0x0201ABAE,36,fn_0201ABAE,UI_DISPLAY,inferred,locality,12,2,0,"Inferred from neighboring translation unit (UI_DISPLAY)"
0x0201ABD2,60,fn_0201ABD2,UI_DISPLAY,inferred,locality,20,1,1,"Inferred from neighboring translation unit (UI_DISPLAY)"
0x0201AC0E,1764,fn_0201AC0E,UI_DISPLAY,inferred,locality,581,0,50,"Inferred from neighboring translation unit (UI_DISPLAY)"
0x0201B2F2,50,fn_0201B2F2,UI_DISPLAY,inferred,locality,12,1,0,"Inferred from neighboring translation unit (UI_DISPLAY)"
0x0201B324,368,fn_0201B324,UI_DISPLAY,inferred,locality,116,0,2,"Inferred from neighboring translation unit (UI_DISPLAY)"
0x0201B494,180,fn_0201B494,UI_DISPLAY,inferred,locality,61,4,1,"Inferred from neighboring translation unit (UI_DISPLAY)"
0x0201B548,86,fn_0201B548,UI_DISPLAY,inferred,locality,27,2,0,"Inferred from neighboring translation unit (UI_DISPLAY)"
0x0201B59E,204,fn_0201B59E,UI_DISPLAY,inferred,locality,66,2,2,"Inferred from neighboring translation unit (UI_DISPLAY)"
0x0201B66A,558,fn_0201B66A,UI_DISPLAY,inferred,locality,183,1,6,"Inferred from neighboring translation unit (UI_DISPLAY)"
0x0201B898,146,fn_0201B898,UI_DISPLAY,inferred,locality,50,4,1,"Inferred from neighboring translation unit (UI_DISPLAY)"
0x0201B92A,590,fn_0201B92A,UI_DISPLAY,inferred,locality,197,0,9,"Inferred from neighboring translation unit (UI_DISPLAY)"
0x0201BB78,190,fn_0201BB78,UI_DISPLAY,inferred,locality,65,20,8,"Inferred from neighboring translation unit (UI_DISPLAY)"
0x0201BC36,586,fn_0201BC36,UI_DISPLAY,inferred,locality,180,0,6,"Inferred from neighboring translation unit (UI_DISPLAY)"
0x0201BE80,36,fn_0201BE80,UI_DISPLAY,inferred,locality,11,7,0,"Inferred from neighboring translation unit (UI_DISPLAY)"
0x0201BEA4,168,fn_0201BEA4,UI_DISPLAY,inferred,locality,54,4,0,"Inferred from neighboring translation unit (UI_DISPLAY)"
0x0201BF4C,1032,fn_0201BF4C,UI_DISPLAY,inferred,locality,331,11,11,"Inferred from neighboring translation unit (UI_DISPLAY)"
0x0201C354,590,fn_0201C354,UI_DISPLAY,inferred,locality,189,0,8,"Inferred from neighboring translation unit (UI_DISPLAY)"
0x0201C5A2,128,fn_0201C5A2,UI_DISPLAY,inferred,locality,39,18,3,"Inferred from neighboring translation unit (UI_DISPLAY)"
0x0201C622,58,fn_0201C622,UI_DISPLAY,inferred,locality,18,4,0,"Inferred from neighboring translation unit (UI_DISPLAY)"
0x0201C65C,78,fn_0201C65C,UI_DISPLAY,inferred,locality,30,4,4,"Inferred from neighboring translation unit (UI_DISPLAY)"
0x0201C6AA,310,fn_0201C6AA,UI_DISPLAY,inferred,locality,110,2,7,"Inferred from neighboring translation unit (UI_DISPLAY)"
0x0201C7E0,42,fn_0201C7E0,UI_DISPLAY,inferred,locality,13,8,1,"Inferred from neighboring translation unit (UI_DISPLAY)"
0x0201C80A,60,fn_0201C80A,UI_DISPLAY,inferred,locality,20,12,2,"Inferred from neighboring translation unit (UI_DISPLAY)"
0x0201C846,182,fn_0201C846,UI_DISPLAY,inferred,locality,59,2,1,"Inferred from neighboring translation unit (UI_DISPLAY)"
0x0201C8FC,64,fn_0201C8FC,UI_DISPLAY,inferred,locality,20,11,2,"Inferred from neighboring translation unit (UI_DISPLAY)"
0x0201C93C,710,fn_0201C93C,UI_DISPLAY,inferred,locality,217,1,6,"Inferred from neighboring translation unit (UI_DISPLAY)"
0x0201CC02,74,fn_0201CC02,UI_DISPLAY,inferred,locality,25,3,1,"Inferred from neighboring translation unit (UI_DISPLAY)"
0x0201CC4C,24,fn_0201CC4C,UI_DISPLAY,inferred,locality,8,9,0,"Inferred from neighboring translation unit (UI_DISPLAY)"
0x0201CC64,84,fn_0201CC64,UI_DISPLAY,inferred,locality,28,7,0,"Inferred from neighboring translation unit (UI_DISPLAY)"
0x0201CCB8,32,fn_0201CCB8,UI_DISPLAY,inferred,locality,11,2,1,"Inferred from neighboring translation unit (UI_DISPLAY)"
0x0201CCD8,1364,fn_0201CCD8,UI_DISPLAY,inferred,locality,430,6,14,"Inferred from neighboring translation unit (UI_DISPLAY)"
0x0201D22C,3490,fn_0201D22C,UI_DISPLAY,inferred,locality,1054,1,28,"Inferred from neighboring translation unit (UI_DISPLAY)"
0x0201DFCE,246,fn_0201DFCE,UI_DISPLAY,inferred,locality,69,1,3,"Inferred from neighboring translation unit (UI_DISPLAY)"
0x0201E0C4,434,fn_0201E0C4,UI_DISPLAY,inferred,locality,145,2,8,"Inferred from neighboring translation unit (UI_DISPLAY)"
0x0201E276,40,sequ_Enable_SEQ_first_201E276,Sequencer_Arp,medium,string_xref,9,6,0,"Referenced string: Enable SEQ first"
0x0201E29E,140,fn_0201E29E,Sequencer_Arp,inferred,locality,45,2,0,"Inferred from neighboring translation unit (Sequencer_Arp)"
0x0201E32A,8,wmemcpy,MEMLIB,high,toolchain_lib,4,47,1,"Toolchain SDK: wmemcpy"
0x0201E332,14,fn_0201E332,Sequencer_Arp,inferred,locality,5,61,1,"Inferred from neighboring translation unit (Sequencer_Arp)"
0x0201E340,278,fn_0201E340,Sequencer_Arp,inferred,locality,105,3,1,"Inferred from neighboring translation unit (Sequencer_Arp)"
0x0201E456,1162,fn_0201E456,Sequencer_Arp,inferred,locality,361,2,14,"Inferred from neighboring translation unit (Sequencer_Arp)"
0x0201E8E0,216,fn_0201E8E0,Sequencer_Arp,inferred,locality,69,1,1,"Inferred from neighboring translation unit (Sequencer_Arp)"
0x0201E9B8,70,fn_0201E9B8,Sequencer_Arp,inferred,locality,24,2,2,"Inferred from neighboring translation unit (Sequencer_Arp)"
0x0201E9FE,282,fn_0201E9FE,Sequencer_Arp,inferred,locality,84,1,0,"Inferred from neighboring translation unit (Sequencer_Arp)"
0x0201EB18,74,lcd_device_init,UI_DISPLAY,high,fm1_sig,22,1,1,"Initialize a display blit/DMA descriptor (source addr  callback  format config)"
0x0201EB62,214,fn_0201EB62,UI_DISPLAY,inferred,locality,80,5,9,"Inferred from neighboring translation unit (UI_DISPLAY)"
0x0201EC38,20,ui_handler_chain_invoke,UI_MENU,high,fm1_sig,10,1,1,"Recursively walk element observer list and invoke each node's callback"
0x0201EC4C,30,ui_handler_chain_invoke2,UI_MENU,high,fm1_sig,15,1,1,"Recursively relink element list node and invoke its relink callback"
0x0201EC6A,140,fn_0201EC6A,UI_MENU,inferred,locality,48,5,11,"Inferred from neighboring translation unit (UI_MENU)"
0x0201ECF6,22,ui_widget_param_create,UI_MENU,high,fm1_sig,8,23,2,"GUI widget factory: instantiate/init a widget object from a resource class"
0x0201ED0C,32,lcd_chan_enable,UI_DISPLAY,high,fm1_sig,11,2,1,"Release/stop a display DMA channel of a canvas by clearing its enable bits"
0x0201ED2C,242,fn_0201ED2C,UI_DISPLAY,inferred,locality,89,1,16,"Inferred from neighboring translation unit (UI_DISPLAY)"
0x0201EE1E,14,fn_0201EE1E,UI_DISPLAY,inferred,locality,6,30,1,"Inferred from neighboring translation unit (UI_DISPLAY)"
0x0201EE2C,14,bt_hci_send_op2,MATHLIB,high,fm1_sig,6,28,1,"(subsystem inferred by address locality; not individually analysed)"
0x0201EE3A,24,ui_widget_param_create,UI_MENU,high,fm1_sig,8,93,2,"GUI widget factory: instantiate/init a widget object from a resource class"
0x0201EE52,84,fn_0201EE52,UI_MENU,inferred,locality,32,116,4,"Inferred from neighboring translation unit (UI_MENU)"
0x0201EEA6,16,svc_request_cmd_0x408,UI_MENU,inferred,locality,6,93,1,"Inferred from neighboring translation unit (UI_MENU)"
0x0201EEB6,16,fn_0201EEB6,UI_MENU,inferred,locality,6,116,1,"Inferred from neighboring translation unit (UI_MENU)"
0x0201EEC6,16,svc_request_cmd_0x408,UI_MENU,inferred,locality,6,2,1,"Inferred from neighboring translation unit (UI_MENU)"
0x0201EED6,52,fn_0201EED6,UI_MENU,inferred,locality,20,2,3,"Inferred from neighboring translation unit (UI_MENU)"
0x0201EF0A,20,ui_text_set_style_attrs,UI_MENU,high,fm1_sig,10,128,2,"Set widget geometry (position and size) attributes"
0x0201EF1E,16,svc_request_cmd_0x408,UI_MENU,inferred,locality,6,20,1,"Inferred from neighboring translation unit (UI_MENU)"
0x0201EF2E,14,bt_hci_send_op2,MATHLIB,high,fm1_sig,6,19,1,"(subsystem inferred by address locality; not individually analysed)"
0x0201EF3C,16,bt_hci_send_op2,MATHLIB,high,fm1_sig,6,11,1,"(subsystem inferred by address locality; not individually analysed)"
0x0201EF4C,16,bt_hci_send_op2,MATHLIB,high,fm1_sig,6,3,1,"(subsystem inferred by address locality; not individually analysed)"
0x0201EF5C,16,bt_hci_send_op2,MATHLIB,high,fm1_sig,6,3,1,"(subsystem inferred by address locality; not individually analysed)"
0x0201EF6C,16,bt_hci_send_op2,MATHLIB,high,fm1_sig,6,5,1,"(subsystem inferred by address locality; not individually analysed)"
0x0201EF7C,86,fn_0201EF7C,UI_MENU,inferred,locality,36,24,9,"Inferred from neighboring translation unit (UI_MENU)"
0x0201EFD2,12,ui_prop_set_48,UI_MENU,high,fm1_sig,5,12,1,"Set GUI widget attribute id=48 (thin property-setter wrapper)"
0x0201EFDE,16,setlinebuf,MEMLIB,high,toolchain_lib,6,2,1,"Toolchain SDK: setlinebuf"
0x0201EFEE,14,fn_0201EFEE,UI_MENU,inferred,locality,6,2,1,"Inferred from neighboring translation unit (UI_MENU)"
0x0201EFFC,16,svc_request_cmd_0x408,UI_MENU,inferred,locality,6,2,1,"Inferred from neighboring translation unit (UI_MENU)"
0x0201F00C,160,fn_0201F00C,UI_MENU,inferred,locality,58,27,4,"Inferred from neighboring translation unit (UI_MENU)"
0x0201F0AC,22,fn_0201F0AC,UI_MENU,inferred,locality,8,27,0,"Inferred from neighboring translation unit (UI_MENU)"
0x0201F0C2,116,fn_0201F0C2,UI_MENU,inferred,locality,42,24,4,"Inferred from neighboring translation unit (UI_MENU)"
0x0201F136,30,fn_0201F136,UI_MENU,inferred,locality,11,2,0,"Inferred from neighboring translation unit (UI_MENU)"
0x0201F154,146,fn_0201F154,UI_MENU,inferred,locality,55,2,1,"Inferred from neighboring translation unit (UI_MENU)"
0x0201F1E6,290,fn_0201F1E6,UI_MENU,inferred,locality,119,2,14,"Inferred from neighboring translation unit (UI_MENU)"
0x0201F308,92,fn_0201F308,UI_MENU,inferred,locality,33,24,10,"Inferred from neighboring translation unit (UI_MENU)"
0x0201F364,1068,fn_0201F364,UI_MENU,inferred,locality,365,1,70,"Inferred from neighboring translation unit (UI_MENU)"
0x0201F790,626,fn_0201F790,UI_MENU,inferred,locality,220,1,47,"Inferred from neighboring translation unit (UI_MENU)"
0x0201FA02,796,fn_0201FA02,UI_MENU,inferred,locality,266,1,55,"Inferred from neighboring translation unit (UI_MENU)"
0x0201FD1E,16,bt_hci_send_op2,MATHLIB,high,fm1_sig,6,4,1,"(subsystem inferred by address locality; not individually analysed)"
0x0201FD2E,14,svc_request_cmd_0x408,UI_MENU,inferred,locality,6,2,1,"Inferred from neighboring translation unit (UI_MENU)"
0x0201FD3C,14,fn_0201FD3C,UI_MENU,inferred,locality,6,2,1,"Inferred from neighboring translation unit (UI_MENU)"
0x0201FD4A,24,ui_widget_param_create,UI_MENU,high,fm1_sig,8,2,2,"GUI widget factory: instantiate/init a widget object from a resource class"
0x0201FD62,82,fn_0201FD62,UI_MENU,inferred,locality,31,2,3,"Inferred from neighboring translation unit (UI_MENU)"
0x0201FDB4,18,svc_request_cmd_0x408,UI_MENU,inferred,locality,6,2,1,"Inferred from neighboring translation unit (UI_MENU)"
0x0201FDC6,18,svc_request_cmd_0x408,UI_MENU,inferred,locality,6,2,1,"Inferred from neighboring translation unit (UI_MENU)"
0x0201FDD8,14,ui_prop_set_48,UI_MENU,high,fm1_sig,5,10,1,"Set GUI widget attribute id=48 (thin property-setter wrapper)"
0x0201FDE6,38,dec_atoi,MEMLIB,high,fm1_sig,16,2,0,"printf skip_atoi: parse run of decimal digits from *str into int (width/precision)"
0x0201FE0C,330,fn_0201FE0C,UI_MENU,inferred,locality,119,2,0,"Inferred from neighboring translation unit (UI_MENU)"
0x0201FF56,166,fn_0201FF56,UI_MENU,inferred,locality,54,1,3,"Inferred from neighboring translation unit (UI_MENU)"
0x0201FFFC,132,fn_0201FFFC,UI_MENU,inferred,locality,43,1,1,"Inferred from neighboring translation unit (UI_MENU)"
0x02020080,1026,fn_02020080,UI_MENU,inferred,locality,399,1,5,"Inferred from neighboring translation unit (UI_MENU)"
0x02020482,28,snprintf,MEMLIB,high,fm1_sig,11,2,1,"snprintf into a fixed buffer  wrapping the format-string core"
0x0202049E,120,fn_0202049E,UI_MENU,inferred,locality,47,67,6,"Inferred from neighboring translation unit (UI_MENU)"
0x02020516,24,ui_widget_param_create,UI_MENU,high,fm1_sig,8,4,2,"GUI widget factory: instantiate/init a widget object from a resource class"
0x0202052E,12260,fn_0202052E,UI_MENU,inferred,locality,4182,3,883,"Inferred from neighboring translation unit (UI_MENU)"
0x02023512,62,fn_02023512,UNCLASSIFIED,none,none,24,2,1,""
0x02023550,32,fn_02023550,UNCLASSIFIED,none,none,10,2,0,""
0x02023570,34,fn_02023570,UNCLASSIFIED,none,none,12,1,2,""
0x02023592,16,fn_02023592,UNCLASSIFIED,none,none,6,2,0,""
0x020235A2,18,fn_020235A2,UNCLASSIFIED,none,none,9,6,0,""
0x020235B4,702,fn_020235B4,UNCLASSIFIED,none,none,246,1,6,""
0x02023872,950,fn_02023872,UNCLASSIFIED,none,none,308,1,21,""
0x02023C28,290,fn_02023C28,UNCLASSIFIED,none,none,85,1,10,""
0x02023D4A,754,fn_02023D4A,UNCLASSIFIED,none,none,261,1,49,""
0x0202403C,158,fn_0202403C,UNCLASSIFIED,none,none,51,3,9,""
0x020240DA,24,fn_020240DA,UNCLASSIFIED,none,none,10,1,1,""
0x020240F2,138,fn_020240F2,UNCLASSIFIED,none,none,41,4,7,""
0x0202417C,7394,fn_0202417C,UNCLASSIFIED,none,none,2359,5,277,""
0x02025E5E,52,fn_02025E5E,UNCLASSIFIED,none,none,16,5,2,""
0x02025E92,28,fn_02025E92,UNCLASSIFIED,none,none,10,65,0,""
0x02025EAE,38,fn_02025EAE,UNCLASSIFIED,none,none,19,15,8,""
0x02025ED4,42,fn_02025ED4,UNCLASSIFIED,none,none,21,2,7,""
0x02025EFE,126,fn_02025EFE,UNCLASSIFIED,none,none,40,11,2,""
0x02025F7C,174,fn_02025F7C,UNCLASSIFIED,none,none,55,1,13,""
0x0202602A,280,fn_0202602A,UNCLASSIFIED,none,none,90,4,3,""
0x02026142,40,fn_02026142,UNCLASSIFIED,none,none,16,10,1,""
0x0202616A,214,fn_0202616A,UNCLASSIFIED,none,none,66,3,5,""
0x02026240,80,fn_02026240,UNCLASSIFIED,none,none,26,2,1,""
0x02026290,56,fn_02026290,UNCLASSIFIED,none,none,23,4,0,""
0x020262C8,46,fn_020262C8,UNCLASSIFIED,none,none,18,9,0,""
0x020262F6,550,fn_020262F6,UNCLASSIFIED,none,none,173,1,11,""
0x0202651C,332,fn_0202651C,UNCLASSIFIED,none,none,107,2,1,""
0x02026668,12,fn_02026668,UNCLASSIFIED,none,none,5,3,1,""
0x02026674,42,fn_02026674,UNCLASSIFIED,none,none,15,7,1,""
0x0202669E,34,fn_0202669E,UNCLASSIFIED,none,none,11,9,0,""
0x020266C0,222,fn_020266C0,UNCLASSIFIED,none,none,76,2,3,""
0x0202679E,56,fn_0202679E,UNCLASSIFIED,none,none,23,5,0,""
0x020267D6,64,fn_020267D6,UNCLASSIFIED,none,none,21,3,2,""
0x02026816,68,fn_02026816,UNCLASSIFIED,none,none,27,3,1,""
0x0202685A,68,fn_0202685A,UNCLASSIFIED,none,none,22,2,2,""
0x0202689E,166,fn_0202689E,UNCLASSIFIED,none,none,51,3,4,""
0x02026944,66,fn_02026944,UNCLASSIFIED,none,none,23,2,1,""
0x02026986,12,fn_02026986,UNCLASSIFIED,none,none,5,2,1,""
0x02026992,476,fn_02026992,UNCLASSIFIED,none,none,156,2,9,""
0x02026B6E,150,fn_02026B6E,UNCLASSIFIED,none,none,50,2,2,""
0x02026C04,368,fn_02026C04,UNCLASSIFIED,none,none,104,2,20,""
0x02026D74,92,fn_02026D74,UNCLASSIFIED,none,none,27,2,4,""
0x02026DD0,66,fn_02026DD0,UNCLASSIFIED,none,none,25,7,0,""
0x02026E12,26,fn_02026E12,UNCLASSIFIED,none,none,8,1,1,""
0x02026E2C,26,fn_02026E2C,UNCLASSIFIED,none,none,9,1,0,""
0x02026E46,82,fn_02026E46,UNCLASSIFIED,none,none,25,1,2,""
0x02026E98,94,fn_02026E98,UNCLASSIFIED,none,none,33,3,2,""
0x02026EF6,58,fn_02026EF6,UNCLASSIFIED,none,none,21,2,0,""
0x02026F30,214,fn_02026F30,UNCLASSIFIED,none,none,66,1,3,""
0x02027006,8824,fn_02027006,UNCLASSIFIED,none,none,2537,0,130,""
0x0202927E,1322,fn_0202927E,UNCLASSIFIED,none,none,415,0,18,""
0x020297A8,740,fn_020297A8,UNCLASSIFIED,none,none,240,0,3,""
0x02029A8C,24,fn_02029A8C,UNCLASSIFIED,none,none,8,5,0,""
0x02029AA4,18,fn_02029AA4,UNCLASSIFIED,none,none,5,3,0,""
0x02029AB6,76,fn_02029AB6,UNCLASSIFIED,none,none,25,5,4,""
0x02029B02,2094,fn_02029B02,UNCLASSIFIED,none,none,686,3,37,""
0x0202A330,120,fn_0202A330,UNCLASSIFIED,none,none,37,3,0,""
0x0202A3A8,582,fn_0202A3A8,UNCLASSIFIED,none,none,184,4,18,""
0x0202A5EE,60,fn_0202A5EE,UNCLASSIFIED,none,none,23,3,7,""
0x0202A62A,42,fn_0202A62A,UNCLASSIFIED,none,none,16,2,5,""
0x0202A654,36,fn_0202A654,UNCLASSIFIED,none,none,13,3,5,""
0x0202A678,34,fn_0202A678,UNCLASSIFIED,none,none,13,3,4,""
0x0202A69A,136,fn_0202A69A,UNCLASSIFIED,none,none,45,2,5,""
0x0202A722,172,fn_0202A722,UNCLASSIFIED,none,none,51,0,3,""
0x0202A7CE,530,fn_0202A7CE,UNCLASSIFIED,none,none,171,1,10,""
0x0202A9E0,1336,fn_0202A9E0,UNCLASSIFIED,none,none,407,0,11,""
0x0202AF18,2282,fn_0202AF18,UNCLASSIFIED,none,none,749,0,68,""
0x0202B802,120,fn_0202B802,BT,inferred,locality,40,2,6,"Inferred from neighboring translation unit (BT)"
0x0202B87A,774,fn_0202B87A,BT,inferred,locality,255,1,36,"Inferred from neighboring translation unit (BT)"
0x0202BB80,344,fn_0202BB80,BT,inferred,locality,114,0,12,"Inferred from neighboring translation unit (BT)"
0x0202BCD8,26,fn_0202BCD8,BT,inferred,locality,8,2,0,"Inferred from neighboring translation unit (BT)"
0x0202BCF2,822,fn_0202BCF2,BT,inferred,locality,254,1,25,"Inferred from neighboring translation unit (BT)"
0x0202C028,988,fn_0202C028,BT,inferred,locality,312,0,32,"Inferred from neighboring translation unit (BT)"
0x0202C404,260,cbuf_read,MEMLIB,high,fm1_sig,94,9,3,"Spinlocked circular-buffer read: memmove available bytes  zero-fill remainder on underrun"
0x0202C508,12,list_insert_before_dup,MEMLIB,high,fm1_sig,5,3,0,"Doubly-linked list insert-before helper (duplicate)"
0x0202C514,56,mempool_chunks_init,MEMLIB,high,fm1_sig,23,2,1,"Build a free-list: split a memory region into fixed-size chunks linked together"
0x0202C54C,14,list_del_init,MEMLIB,high,fm1_sig,6,2,0,"Doubly-linked list node remove and reinitialize"
0x0202C55A,116,list_move_locked,MEMLIB,high,fm1_sig,42,2,2,"Spinlocked splice: unlink node from one list and insert into another under lock"
0x0202C5CE,574,stream_read,BT,high,fm1_sig,184,3,21,"Open app data/OTA comm session: device find/open by name  mutex + msg-queue  copy name buffer"
0x0202C80C,98,stream_close,BT,high,fm1_sig,34,2,5,"Close app data/OTA comm session: drain request queue  unlink and free session objects"
0x0202C86E,6,ble_ll_set_event_handler,BT,high,fm1_sig,3,6,0,"Register per-link event callback fn (+472) and context arg (+476)"
0x0202C874,76,named_node_register,MISC,high,fm1_sig,27,71,5,"Allocate a small node  copy data and register it into an object list (panic on alloc fail)"
0x0202C8C0,24,fn_0202C8C0,MISC,inferred,locality,7,3,0,"Inferred from neighboring translation unit (MISC)"
0x0202C8D8,14,list_del_init,MEMLIB,high,fm1_sig,6,2,0,"Doubly-linked list node remove and reinitialize"
0x0202C8E6,24,list_add_global,MEMLIB,high,fm1_sig,7,2,0,"Insert a node at the tail of a global linked list (@0x1C08FF0+40)"
0x0202C8FE,14,_drand48_r,MEMLIB,high,toolchain_lib,4,2,1,"Toolchain SDK: _drand48_r"
0x0202C90C,14,_drand48_r,MEMLIB,high,toolchain_lib,4,2,1,"Toolchain SDK: _drand48_r"
0x0202C91A,42,fn_0202C91A,MISC,inferred,locality,12,4,1,"Inferred from neighboring translation unit (MISC)"
0x0202C944,660,fn_0202C944,MISC,inferred,locality,213,1,13,"Inferred from neighboring translation unit (MISC)"
0x0202CBD8,12,cleanup_thunk_65e8a,MISC,high,fm1_sig,4,1,1,"Thin wrapper delegating to helper 0x65e8a"
0x0202CBE4,708,fn_0202CBE4,MISC,inferred,locality,245,2,6,"Inferred from neighboring translation unit (MISC)"
0x0202CEA8,34,hang_detect_kick,STORAGE_FS,high,fm1_sig,10,5,0,"Flash storage flush/notify: on dword change (@0x1C20190) invoke channel-13 handler"
0x0202CECA,10,cache_flushinv_range_call,STORAGE_FS,inferred,locality,3,9,0,"Inferred from neighboring translation unit (STORAGE_FS)"
0x0202CED4,32,cfg_header_crc_check,STORAGE_FS,high,fm1_sig,14,5,1,"Validate a 30-byte flash record via CRC16 compare against stored checksum"
0x0202CEF4,20,vm_state_flag_get,STORAGE_FS,high,fm1_sig,5,4,0,"Get active storage double-buffer/mode flag (bit0 of state byte @app+9874)"
0x0202CF08,94,flash_erase_region,STORAGE_FS,high,fm1_sig,34,5,2,"Erase flash regions: iterate 4KB/256B pages issuing flash erase op (0x1d4f8)"
0x0202CF66,28,hang_detect_reset,STORAGE_FS,high,fm1_sig,8,5,1,"Flash storage flush on dword change: call channel-13 op and clear marker"
0x0202CF82,64,vm_space_check,STORAGE_FS,high,fm1_sig,21,2,0,"Check flash transfer buffer free-space/fullness against computed threshold"
0x0202CFC2,94,vm_sector_format,STORAGE_FS,high,fm1_sig,33,2,4,"Format flash transfer double-buffer: erase regions and write magic markers"
0x0202D020,56,flash_copy_block,STORAGE_FS,high,fm1_sig,24,2,2,"Flash-to-flash block copy in 256-byte chunks (read then write)"
0x0202D058,384,vm_garbage_collect,STORAGE_FS,high,fm1_sig,116,2,7,"Flash log compaction/GC: relocate valid records to a fresh buffer and rewrite index/offset tables"
0x0202D1D8,180,vm_maintenance_locked,STORAGE_FS,high,fm1_sig,53,2,12,"Commit/save record to flash storage under mutex: check fullness  trigger erase/flush/swap"
0x0202D28C,60,flash_erase_align_up,STORAGE_FS,high,fm1_sig,20,7,2,"Round address up to flash page/sector unit (256/4096) selected by flash-type byte; assert on invalid type"
0x0202D2C8,60,flash_geometry_entry_get,STORAGE_FS,high,fm1_sig,20,2,0,"Return active flash region base and remaining length via output pointers  indexed by current-bank bit"
0x0202D304,8,cache_flushinv_range_call,STORAGE_FS,inferred,locality,3,15,1,"Inferred from neighboring translation unit (STORAGE_FS)"
0x0202D30C,280,flash_erase_range,STORAGE_FS,high,fm1_sig,95,3,13,"Erase/cache-invalidate a flash region across 64K/4K/256B units  pumping comms and yielding between units"
0x0202D424,42,flash_erase_range_typed,STORAGE_FS,high,fm1_sig,14,2,1,"Erase/flush one flash unit at address (page/sector per flash type) and return the unit size"
0x0202D44E,720,vm_area_format,STORAGE_FS,high,fm1_sig,230,1,24,"Create/update an OTA firmware record in flash: align  erase  write header with magic+CRC and payload"
0x0202D71E,22,flash_capacity_get,STORAGE_FS,high,fm1_sig,10,3,1,"Query a flash/partition parameter (info id 103) via the device-info dispatcher"
0x0202D734,106,vm_volume_record_verify,STORAGE_FS,high,fm1_sig,37,2,4,"Validate a stored flash record header (magic 0x5A0x/0x5440 + CRC16 + name) and output payload length"
0x0202D79E,326,vm_mount_scan,STORAGE_FS,high,fm1_sig,112,2,15,"Relocate/commit OTA data blocks in flash  verifying 0x55AAAA54 signature via chunked flash-to-flash copy"
0x0202D8E4,10,cache_flushinv_range_call,STORAGE_FS,inferred,locality,3,3,1,"Inferred from neighboring translation unit (STORAGE_FS)"
0x0202D8EE,230,fn_0202D8EE,STORAGE_FS,inferred,locality,71,2,3,"Inferred from neighboring translation unit (STORAGE_FS)"
0x0202D9D4,616,fn_0202D9D4,STORAGE_FS,inferred,locality,190,0,15,"Inferred from neighboring translation unit (STORAGE_FS)"
0x0202DC3C,288,fn_0202DC3C,STORAGE_FS,inferred,locality,96,0,7,"Inferred from neighboring translation unit (STORAGE_FS)"
0x0202DD5C,558,fn_0202DD5C,STORAGE_FS,inferred,locality,187,0,18,"Inferred from neighboring translation unit (STORAGE_FS)"
0x0202DF8A,82,dev_write,STORAGE_FS,high,fm1_sig,30,1,3,"VFS read: lock device  dispatch driver ops[+36] with (buf size*count)  unlock"
0x0202DFDC,80,dev_seek,STORAGE_FS,high,fm1_sig,31,2,3,"VFS seek/ioctl: lock device  dispatch driver ops[+40]  unlock (-19 if unsupported)"
0x0202E02C,82,dev_write,STORAGE_FS,high,fm1_sig,30,2,3,"VFS read: lock device  dispatch driver ops[+36] with (buf size*count)  unlock"
0x0202E07E,72,dev_ioctl,STORAGE_FS,high,fm1_sig,27,1,3,"VFS close/sync: lock device  dispatch driver ops[+52]  unlock (-19 if unsupported)"
0x0202E0C6,158,norfs_file_obj_init,STORAGE_FS,high,fm1_sig,59,0,4,"Allocate/zero a 40-byte fs node and build the root/partition directory node"
0x0202E164,26,strn_toupper,MEMLIB,high,fm1_sig,11,3,0,"Uppercase ASCII bytes in place over a given length"
0x0202E17E,86,path_next_component,STORAGE_FS,high,fm1_sig,33,10,4,"Parse next path component: skip '/'  copy up to 15 chars  uppercase; return pointer past separator"
0x0202E1D4,134,name16_wildcard_match,MEMLIB,high,fm1_sig,57,12,2,"Wildcard/glob string match ('*' '?' '.') returning match result"
0x0202E25A,28,norfs_addr_remap,STORAGE_FS,high,fm1_sig,8,6,0,"Translate a flash-mapped/relative pointer to an absolute address using base offset globals"
0x0202E276,170,norfs_dir_find_entry,STORAGE_FS,high,fm1_sig,66,4,6,"Look up a directory/resource entry by name (CRC16 key + wildcard match) across 32-byte entries"
0x0202E320,104,norfs_entry_scan,STORAGE_FS,high,fm1_sig,42,2,2,"Scan up to 32 entries for a name match (CRC16 + fnmatch); return the matched 32-byte entry"
0x0202E388,48,norfs_dir_descend,STORAGE_FS,high,fm1_sig,18,3,2,"Resolve a directory entry and fix up its mapped pointer/offset (lookup 0x2847a + translate)"
0x0202E3B8,26,norfs_entry_type_check,STORAGE_FS,high,fm1_sig,10,2,1,"Look up an entry and return its directory attribute bit"
0x0202E3D2,168,norfs_path_find,STORAGE_FS,high,fm1_sig,67,1,8,"Open by path: split components and walk directory entries  resolving to a node"
0x0202E47A,104,norfs_find_entry_in,STORAGE_FS,high,fm1_sig,40,2,2,"Scan 32-byte entry table (global[308]) for a CRC16 name match; return entry and offset"
0x0202E4E2,100,norfs_open_subpath,STORAGE_FS,high,fm1_sig,41,1,5,"Directory traversal step: path-split + entry lookup + pointer fixup"
0x0202E546,718,norfs_fopen,STORAGE_FS,high,fm1_sig,280,0,23,"Recursive directory traversal plus full file-op table (open/read/seek/tell/getname/close/ioctl/info)"
0x0202E814,42,flash_read_locked,STORAGE_FS,high,fm1_sig,15,3,2,"Locked dispatch to a device handler for the update/USB device object (0x1C0E128)"
0x0202E83E,428,update_file_open,STORAGE_FS,high,fm1_sig,162,0,15,"'usb_update_mode' virtual device: name-matched entry lookup/open and I/O over the update node"
0x0202E9EA,94,norfs_find_global_entry,STORAGE_FS,high,fm1_sig,37,3,3,"Find a resource/file entry by name (fnmatch against literal at 0x204EFA0); return mapped address"
0x0202EA48,160,norflash_dev_init,STORAGE_FS,high,fm1_sig,47,1,4,"Block/flash device hardware init: gate clocks  configure GPIOs  init mutex/list  register device instance"
0x0202EAE8,58,wildcard_str_match,MEMLIB,high,fm1_sig,21,2,0,"Wildcard string compare ('*' '?') returning the first mismatch index"
0x0202EB22,162,dev_open,STORAGE_FS,high,fm1_sig,60,4,1,"Device-manager open: fnmatch device name across registered table  call driver open  bump refcount atomically"
0x0202EBC4,108,dev_close,STORAGE_FS,high,fm1_sig,39,5,0,"Device-manager put/close: atomic refcount decrement  invoke destructor when it reaches zero"
0x0202EC30,572,device_register,STORAGE_FS,high,fm1_sig,191,1,18,"Device-manager register/open a device node by name ('plnk1'...)  allocate/link node and dispatch; plus storage/vfs init"
0x0202EE6C,12,u32_bit_length,MATHLIB,high,fm1_sig,6,5,0,"Compute bit-length/log2 of a value by counting right-shifts to zero"
0x0202EE78,10,ld_word,MEMLIB,high,fm1_sig,4,19,0,"Combine two byte args into a little-endian u16 (deserialize helper)"
0x0202EE82,22,get_number,MEMLIB,high,toolchain_lib,9,37,0,"Toolchain SDK: get_number"
0x0202EE98,80,check_mbr_part_entry,STORAGE_FS,high,fm1_sig,36,3,2,"Validate MBR partition table: check 4x16B entries' boot flag/LBA/size"
0x0202EEE8,430,scan_mbr_partitions,STORAGE_FS,high,fm1_sig,141,1,12,"Recursively scan MBR/extended partition table  collect partition LBAs  detect FAT/NTFS"
0x0202F096,32,fatfs_obj_release,STORAGE_FS,high,fm1_sig,13,6,1,"Decrement volume/handle refcount; on zero unlink from device list and free"
0x0202F0B6,170,mount_alloc_fs,STORAGE_FS,high,fm1_sig,57,2,5,"Allocate & init disk/volume descriptor  query capacity via ioctl  register in device list"
0x0202F160,66,sync_window,STORAGE_FS,high,fm1_sig,27,35,0,"Flush dirty 512B sector cache to device via write callback under lock"
0x0202F1A2,86,move_window,STORAGE_FS,high,fm1_sig,34,34,1,"Load requested sector into cache (flushing old dirty sector) via read callback"
0x0202F1F8,952,mount_volume,STORAGE_FS,high,fm1_sig,325,1,35,"Parse FAT32 boot sector/BPB and FSInfo (RRaA/rrAa) to mount volume; walk partitions"
0x0202F5B0,16,store_le32_at_field11,STORAGE_FS,inferred,locality,8,34,0,"Inferred from neighboring translation unit (STORAGE_FS)"
0x0202F5C0,64,st_qword,MEMLIB,high,fm1_sig,25,5,0,"Store 64-bit value little-endian into byte buffer"
0x0202F600,8,st_word,MEMLIB,high,fm1_sig,4,11,0,"Store 16-bit value little-endian into byte buffer"
0x0202F608,1986,fn_0202F608,STORAGE_FS,inferred,locality,657,0,44,"Inferred from neighboring translation unit (STORAGE_FS)"
0x0202FDCA,58,dir_sdi,STORAGE_FS,high,fm1_sig,21,29,1,"Initialize directory/cluster-chain iterator state for a file handle"
0x0202FE04,10,pow2_mask,MATHLIB,high,fm1_sig,4,7,0,"Compute bitmask (1<<n)-1"
0x0202FE0E,114,get_fat,STORAGE_FS,high,fm1_sig,42,9,1,"Map logical position to cluster/sector using fragmentation flag bits"
0x0202FE80,188,change_bitmap,STORAGE_FS,high,fm1_sig,65,2,1,"Toggle FAT allocation bitmap bits (allocate/free clusters)  mark cache dirty"
0x0202FF3C,318,put_fat,STORAGE_FS,high,fm1_sig,114,9,7,"Read/write a FAT table entry with FAT12/16/32 bit packing"
0x0203007A,50,link_fat_chain,STORAGE_FS,high,fm1_sig,22,3,1,"Walk/clear a FAT cluster chain via repeated FAT-entry access"
0x020300AC,606,create_chain,STORAGE_FS,high,fm1_sig,208,5,7,"Search FAT bitmap for free clusters and link a new cluster chain"
0x0203030A,134,zero_cluster,STORAGE_FS,high,fm1_sig,51,2,3,"Scan FAT to build free-cluster count/bitmap"
0x02030390,264,dir_next,STORAGE_FS,high,fm1_sig,92,14,9,"Cluster-chain read/extend dispatcher (state machine over FAT)"
0x02030498,102,get_fileinfo,STORAGE_FS,high,fm1_sig,40,2,6,"Parse FAT short (8.3) directory entry: name  attrs  cluster  size  dates"
0x020304FE,38,name_buf_toupper,MEMLIB,high,fm1_sig,14,2,0,"Uppercase ASCII a-z within buffer (scan from end)"
0x02030524,38,name_buf_toupper,MEMLIB,high,fm1_sig,14,10,0,"Uppercase ASCII a-z within buffer (scan from end)"
0x0203054A,1192,dir_read,STORAGE_FS,high,fm1_sig,428,12,17,"Directory enumeration (readdir) reconstructing FAT long filenames (LFN)"
0x020309F2,170,dir_alloc,STORAGE_FS,high,fm1_sig,65,5,3,"Find/match a file within a directory by scanning cluster-chain entries"
0x02030A9C,138,sync_fs,STORAGE_FS,high,fm1_sig,48,9,6,"Write back FAT32 FSInfo/boot signatures (RRaA/rrAa  0x55AA) and free count"
0x02030B26,312,f_setlabel,STORAGE_FS,high,fm1_sig,114,0,13,"Open file by name: alloc handle  scan directory with LFN  compare short name"
0x02030C5E,316,f_getfree,STORAGE_FS,high,fm1_sig,110,0,3,"Compute volume used/free cluster count via recursive directory/cluster scan"
0x02030D9A,14,_cleanup_r,MEMLIB,high,toolchain_lib,4,7,1,"Toolchain SDK: _cleanup_r"
0x02030DA8,10,cache_flushinv_range_call,STORAGE_FS,inferred,locality,3,8,1,"Inferred from neighboring translation unit (STORAGE_FS)"
0x02030DB2,508,create_name,STORAGE_FS,high,fm1_sig,183,2,1,"Parse/tokenize path string (\U escape  '/'  '.'  '&') into name components"
0x02030FAE,42,fmt_dec3,MEMLIB,high,fm1_sig,14,2,0,"Format integer as 3 decimal ASCII digits into buffer"
0x02030FD8,34,count_wildcards,STORAGE_FS,high,fm1_sig,14,2,1,"Count filename characters that are not the '*' wildcard"
0x02030FFA,198,match_wildcard_ci,STORAGE_FS,high,fm1_sig,63,8,19,"Case-insensitively compare two filenames (dup  uppercase  compare)"
0x020310C0,20,pow10_u32,MATHLIB,high,fm1_sig,8,5,0,"Compute 10^n"
0x020310D4,316,scan_max_file_suffix,STORAGE_FS,high,fm1_sig,110,1,17,"Generate 8.3 short filename with numeric ~N tail avoiding collisions"
0x02031210,104,file_obj_reset,STORAGE_FS,high,fm1_sig,36,1,2,"Reset directory/filesystem handle context  preserving saved state fields"
0x02031278,194,dir_block_compact,STORAGE_FS,high,fm1_sig,73,6,4,"Read 512B directory block and extract FAT long-filename (LFN) name chunks"
0x0203133A,56,utf16_name_terminate_len,STORAGE_FS,high,fm1_sig,23,4,0,"Trim UTF-16LE long-filename buffer at 0x0000/0xFFFF terminator  null-terminate  return byte length"
0x02031372,106,fat83_wildcard_match,STORAGE_FS,high,fm1_sig,39,3,4,"Wildcard match of two normalized 8.3 filenames (handles '*' and '?')  returns match flag"
0x020313DC,146,fat_dir_lookup,STORAGE_FS,high,fm1_sig,53,2,6,"Search directory for entry matching name: assemble long name and wildcard-compare  return status code"
0x0203146E,26,fat_name_len_trim_space,STORAGE_FS,high,fm1_sig,10,3,0,"Return string length up to first space (trim trailing spaces of padded 8.3 name)"
0x02031488,88,fat_name_to_83,STORAGE_FS,high,fm1_sig,31,2,0,"Convert filename to space-padded uppercase 8.3 form (handles '.'  stops at '/')"
0x020314E0,20,fs_dirpos_copy_or_clear,STORAGE_FS,high,fm1_sig,10,1,0,"Copy 3-word record from source (or zero-init 11-word block) into file-handle context fields"
0x020314F4,162,fatfs_walk_path,STORAGE_FS,high,fm1_sig,68,6,5,"Walk one path component: normalize name to 8.3 and search directory entry  dispatch via vtable"
0x02031596,24,fat_dirent_set_cluster,STORAGE_FS,high,fm1_sig,10,6,2,"Write FAT cluster number into directory entry (low16 at +26  high16 at +20)"
0x020315AE,112,fat_pack_current_datetime,STORAGE_FS,high,fm1_sig,40,3,3,"Build packed FAT DOS date/time word from RTC/time source (get_time helpers)"
0x0203161E,52,exfat_release_cluster_chain,STORAGE_FS,high,fm1_sig,23,2,1,"Allocate first/next FAT cluster for a directory entry via FAT set-next"
0x02031652,24,fs_dirpos_copy_lock,STORAGE_FS,high,fm1_sig,9,2,1,"Copy file position/context struct (3 words + 8 bytes) and register it"
0x0203166A,42,exfat_entry_set_checksum,STORAGE_FS,high,fm1_sig,16,2,0,"Compute rolling 16-bit rotate-add checksum over long-name directory entries"
0x02031694,248,exfat_read_verify_entry_set,STORAGE_FS,high,fm1_sig,95,2,7,"Read/verify multi-part long directory record (0x85/0xC0/0xC1 markers) against checksum"
0x0203178C,130,exfat_write_entry_set,STORAGE_FS,high,fm1_sig,52,4,5,"Write multi-part long-name directory entries with computed checksum"
0x0203180E,282,exfat_build_entry_set,STORAGE_FS,high,fm1_sig,108,1,3,"Encode filename into custom long-name entry format using char lookup/compression table"
0x02031928,568,exfat_create_dirent,STORAGE_FS,high,fm1_sig,204,4,16,"Create new directory entry: build name  DOS timestamp  allocate cluster  write records"
0x02031B60,32,fat_shortname_checksum,STORAGE_FS,high,fm1_sig,12,3,0,"Compute 8-bit LFN checksum over 11-byte 8.3 name (rotate-right-1 add per byte)"
0x02031B80,330,fat_create_lfn_entries,STORAGE_FS,high,fm1_sig,132,3,4,"Write/update directory records (26-byte stride  attribute and name-part bytes)"
0x02031CCA,158,fat_extend_cluster_chain,STORAGE_FS,high,fm1_sig,59,6,3,"Free/deallocate FAT cluster chain starting from a given cluster"
0x02031D68,684,fatfs_mkdir,STORAGE_FS,high,fm1_sig,252,2,25,"Create file/dir: resolve parent path  build default 8.3 fields  write directory records"
0x02032014,40,fat_dirent_get_cluster,STORAGE_FS,high,fm1_sig,16,2,2,"Read and combine cluster/size field(s) from a directory entry (hi/lo halfwords)"
0x0203203C,934,fatfs_open,STORAGE_FS,high,fm1_sig,336,3,22,"Create/populate directory entry for one path component (open/create helper)"
0x020323E2,1238,fatfs_open_path_sfn,STORAGE_FS,high,fm1_sig,426,2,50,"Open/create file by pathname: parse path  expand wildcards  resolve/create each component"
0x020328B8,16,remquol,MEMLIB,high,toolchain_lib,7,3,1,"Toolchain SDK: remquol"
0x020328C8,122,fatfs_fopen,STORAGE_FS,high,fm1_sig,53,5,5,"fopen: allocate file struct  parse mode string ('r'/'w'/'b')  open file; +808 refcount inc"
0x02032942,166,fat_next_cluster_cached,STORAGE_FS,high,fm1_sig,60,7,2,"Map logical file cluster index to physical FAT cluster with cached range lookup"
0x020329E8,508,fatfs_read,STORAGE_FS,high,fm1_sig,177,2,9,"Buffered file write: map clusters  fill 512-byte sector buffers  handle partial sectors"
0x02032BE4,468,fatfs_sync_entry,STORAGE_FS,high,fm1_sig,173,2,19,"Flush/commit file metadata to directory entry (size  cluster  DOS timestamp)"
0x02032DB8,684,fatfs_write,STORAGE_FS,high,fm1_sig,238,1,17,"Append/write to file extending cluster chain  buffered 512-byte sector writes"
0x02033064,604,fatfs_lseek,STORAGE_FS,high,fm1_sig,212,5,8,"Buffered file read: map clusters  read 512-byte sectors (plus size/position getters)"
0x020332C0,306,fatfs_readdir,STORAGE_FS,high,fm1_sig,106,5,3,"Readdir core: assemble long filename from multi-part directory entries"
0x020333F2,430,fatfs_get_entry_name,STORAGE_FS,high,fm1_sig,158,0,11,"Read next directory entry name; decode/escape to output string ('\U' escapes for non-ASCII)"
0x020335A0,658,fatfs_build_dir_path,STORAGE_FS,high,fm1_sig,241,0,23,"Reconstruct full pathname by walking parent directory chain (getcwd/realpath)"
0x02033832,704,fatfs_rename,STORAGE_FS,high,fm1_sig,252,1,23,"Create directory / auto-named entry with timestamped 8.3 name via path resolve"
0x02033AF2,224,fatfs_fclose,STORAGE_FS,high,fm1_sig,80,1,8,"Close/truncate file: flush metadata  free trailing cluster chain and buffer"
0x02033BD2,34,fatfs_close_release,STORAGE_FS,high,fm1_sig,15,1,4,"fclose: close file (flush/free clusters) then free file handle  with scheduler hook"
0x02033BF4,232,fatfs_cache_put,STORAGE_FS,high,fm1_sig,90,2,1,"Release cached block buffer: decrement refcount  unlink from cache lists (+list-link helper)"
0x02033CDC,100,fatfs_mark_dirent_deleted,STORAGE_FS,high,fm1_sig,40,2,3,"Mark directory entries deleted (0xE5)  iterating associated long-name parts"
0x02033D40,604,fatfs_unlink,STORAGE_FS,high,fm1_sig,199,0,15,"Unlink/remove file: free FAT cluster chain and mark directory entries deleted"
0x02033F9C,14,_cleanup_r,MEMLIB,high,toolchain_lib,4,2,1,"Toolchain SDK: _cleanup_r"
0x02033FAA,14,_cleanup_r,MEMLIB,high,toolchain_lib,4,2,1,"Toolchain SDK: _cleanup_r"
0x02033FB8,122,vfs_fopen,STORAGE_FS,high,fm1_sig,48,3,7,"Parse a path string (strip leading '/')  alloc 804-byte path node  tokenize and copy into fs lookup struct"
0x02034032,82,fat_path_component_match,STORAGE_FS,high,fm1_sig,36,2,3,"Walk '/'-separated path components  matching each against directory entries (path-component matcher)"
0x02034084,772,fat_dir_walk,STORAGE_FS,high,fm1_sig,271,5,13,"Directory tree scan/resolve: iterate readdir entries  compare names  build up matched path (core lookup)"
0x02034388,232,fat_fscan_init,STORAGE_FS,high,fm1_sig,76,2,2,"Initialize fs handle: build 2KB directory hash-table with 16-byte-node free lists  then parse+resolve path"
0x02034470,422,fat_fscan_create,STORAGE_FS,high,fm1_sig,148,0,12,"Open/close fs handle group: alloc+init handle  recursive release/free on error path"
0x02034616,154,fat_lfn_collect,STORAGE_FS,high,fm1_sig,56,2,0,"Compact a directory sector: iterate 32-byte FAT entries  pack live name records  drop deleted/free slots"
0x020346B0,180,fat_fill_name_bufs,STORAGE_FS,high,fm1_sig,66,3,8,"Read/refresh directory block(s) via device callback  memmove 512-byte sector buffers and re-pack entries"
0x02034764,66,fat_file_rebind,STORAGE_FS,high,fm1_sig,24,2,0,"Initialize directory read cursor: validate position vs size and set up scan bounds"
0x020347A6,74,fat_fcopy,STORAGE_FS,high,fm1_sig,22,4,4,"Clone a directory/file handle (memmove 108/396/140-byte regions) and reinit its read cursor"
0x020347F0,112,fat_dir_match_count,STORAGE_FS,high,fm1_sig,41,1,3,"Iterate directory entries with filter flags  calling readdir helper to advance the scan"
0x02034860,120,fat_get_file_num,STORAGE_FS,high,fm1_sig,40,4,7,"Duplicate an fs context (696-byte memmove) and re-run directory iteration on the copy"
0x020348D8,184,fat_fsel_resolve,STORAGE_FS,high,fm1_sig,63,2,6,"Open/seek within directory: resolve entry  refresh block  clone handle  rebind cursor"
0x02034990,134,fat_scan_restart,STORAGE_FS,high,fm1_sig,57,4,3,"Re-link directory-entry cache list and re-resolve current entry after a seek/refresh"
0x02034A16,42,fat_scan_node_fetch_fwd,STORAGE_FS,high,fm1_sig,17,2,1,"Seek-forward helper: if cached index mismatches  re-run directory re-link (0x2eaee)"
0x02034A40,36,fat_scan_node_fetch_back,STORAGE_FS,high,fm1_sig,17,3,1,"Seek-backward helper: adjust cursor flags and re-run directory re-link"
0x02034A64,34,fat_scan_node_fetch_cur,STORAGE_FS,high,fm1_sig,16,3,1,"Directory cursor helper: fetch prev node or re-link list when cache index stale"
0x02034A86,34,fat_scan_node_fetch_next,STORAGE_FS,high,fm1_sig,15,2,1,"Directory cursor helper: fetch next node or re-link list when cache index stale"
0x02034AA8,100,fat_scan_node_at,STORAGE_FS,high,fm1_sig,37,2,2,"Locate directory entry by index/target  walking the cached entry list forward via seek helpers"
0x02034B0C,1302,fat_fsel,STORAGE_FS,high,fm1_sig,422,0,30,"Core directory seek/traversal state machine (readdir/seekdir) with jump-table dispatch over seek modes"
0x02035022,112,fat_fget_attrs,STORAGE_FS,high,fm1_sig,46,0,3,"Decode FAT directory date/time word into fields (year=+1980  month/day/hour/min/sec) and fill stat struct"
0x02035092,404,fat_dirent_rewrite,STORAGE_FS,high,fm1_sig,155,1,11,"Read directory into buffer: scan 512-byte sectors of 32-byte entries  filter and copy matching records"
0x02035226,348,fat_frename,STORAGE_FS,high,fm1_sig,128,0,13,"Split path into dir/base (find last '/' or '.')  open parent dir and enumerate/build child entries"
0x02035382,182,fat_fget_folder_info,STORAGE_FS,high,fm1_sig,68,1,5,"Scan a directory counting/matching entries (memcmp against name marker)  tallying file vs dir counts"
0x02035438,150,fat_fget_folder_prev,STORAGE_FS,high,fm1_sig,55,1,5,"Scan directory (variant of 0x2f4e0) counting matched entries after decrementing a slot index"
0x020354CE,124,fat_dirent_fetch_name,STORAGE_FS,high,fm1_sig,48,2,5,"Fill a directory-entry/stat record: read entry  copy long name via strlen/memmove  set name length"
0x0203554A,330,fat_fget_dir_info,STORAGE_FS,high,fm1_sig,111,1,11,"Enumerate a directory into an array of 0x20C-byte entry structs (readdir listing with skip/count)"
0x02035694,448,fat_fget_file_byname_indir,STORAGE_FS,high,fm1_sig,155,1,20,"Match/resolve a filename in a directory (handles '.'/extension)  compare candidate names via memcmp"
0x02035854,160,fat_get_last_file_num,STORAGE_FS,high,fm1_sig,58,1,4,"Scan entries parsing numeric name fields (x1000/100/10 digits) tracking max value (highest-numbered file)"
0x020358F4,160,fat_fsave_fat_table,STORAGE_FS,high,fm1_sig,63,1,2,"Build file cluster/block map: compute clusters-per-read  fill sector list from FAT chain traversal"
0x02035994,188,fat_dirent_write,STORAGE_FS,high,fm1_sig,70,3,8,"Write/create a directory entry: fill 32-byte slot  stamp FAT date/time  flush via device write callback"
0x02035A50,220,fat_file_set_size,STORAGE_FS,high,fm1_sig,81,1,11,"File write/extend path: allocate clusters  update chain  flush dirty blocks and write new dir entry"
0x02035B2C,212,fat_fwrite,STORAGE_FS,high,fm1_sig,86,1,9,"Buffered file write: sync partial sector  allocate clusters  and emit dir-entry updates"
0x02035C00,208,fat_cluster_cache_lookup,STORAGE_FS,high,fm1_sig,72,3,2,"Cluster/sector lookup using cached FAT-chain ranges (arrays at +732/+752)  extending mapping as needed"
0x02035CD0,1678,fat_ioctl,STORAGE_FS,high,fm1_sig,646,1,53,"Main fs operation dispatcher (open/read/write/readdir/stat/etc.) via 22-case jump table  plus fopen impl"
0x0203635E,410,fn_0203635E,STORAGE_FS,inferred,locality,135,1,12,"Inferred from neighboring translation unit (STORAGE_FS)"
0x020364F8,532,fn_020364F8,STORAGE_FS,inferred,locality,181,8,27,"Inferred from neighboring translation unit (STORAGE_FS)"
0x0203670C,50,os_module_prepare_poll,STORAGE_FS,high,fm1_sig,22,2,0,"Poll registered device list  invoking each device's status callback and returning the minimum result"
0x0203673E,38,os_module_ready_vote,STORAGE_FS,high,fm1_sig,14,3,0,"Iterate device/handler table  AND-ing each entry's status callback result (all-ready/all-idle check)"
0x02036764,114,cpu_critical_enter,PERIPH,high,fm1_sig,40,2,0,"clock_critical_enter: under SMP spinlock set busy flags in PLL/clock param struct 0x1c20160"
0x020367D6,70,spin_lock_timeout,PERIPH,high,fm1_sig,21,3,1,"Rate-limit clock changes: testset lock  compare now vs last-change timestamp in clock struct  return -EINVAL if too soon"
0x0203681C,130,pmu_counter_read_us,PERIPH,high,fm1_sig,34,4,0,"Read HW capture counter byte-by-byte  scale *1e6/clockfreq to microseconds"
0x0203689E,348,lp_device_suspend_notify,PERIPH,high,fm1_sig,122,4,9,"Clock-change notifier: walk registered consumer list  strcmp names  invoke pre/post callbacks; gate block via 0x1400c"
0x020369FA,2292,sleep_enter_save_state,PERIPH,high,fm1_sig,783,4,6,"HW-timer read helper plus full system/PLL clock reconfiguration (copies clock register banks  sets dividers)"
0x020372EE,692,low_power_sleep_cycle,PERIPH,high,fm1_sig,207,1,3,"Set system clock (PLL/dividers) and compute settle delay; used in BT low-power path (btstack_lowpwer_deal)"
0x020375A2,304,lp_device_resume_notify,PERIPH,high,fm1_sig,109,3,6,"Clock-consumer list walk issuing notify callbacks by name; set/clear clock busy flags"
0x020376D2,360,lp_wakeup_drift_fix,PERIPH,high,fm1_sig,100,2,5,"Clock-change orchestrator: check elapsed vs freq  capture HW counter  call clock-set and consumer-notify"
0x0203783A,114,cpu_critical_exit,PERIPH,high,fm1_sig,39,2,0,"clock_critical_exit: under spinlock clear per-CPU clock-busy flags in 0x1c20160"
0x020378AC,64,fn_020378AC,PERIPH,inferred,locality,21,2,1,"Inferred from neighboring translation unit (PERIPH)"
0x020378EC,6,ble_ll_set_event_handler,BT,high,fm1_sig,3,3,0,"Register per-link event callback fn (+472) and context arg (+476)"
0x020378F2,30,timer_node_clear,SYS_RTOS,high,fm1_sig,9,3,0,"Check pointer within static timer-node pool [0x1c0e184 +480) and clear node flag byte"
0x02037910,778,sys_timer_scan_task,SYS_RTOS,high,fm1_sig,250,0,16,"Software timer/alarm list processor: iterate list  check expiry via system tick  fire callbacks via queue post  free expired nodes"
0x02037C1A,110,fn_02037C1A,SYS_RTOS,inferred,locality,37,1,2,"Inferred from neighboring translation unit (SYS_RTOS)"
0x02037C88,720,usr_timer_scan_task,SYS_RTOS,high,fm1_sig,234,0,12,"Second timer/alarm list remove+process (lock +51); callbacks and queue post  with periodic clock recalibration"
0x02037F58,848,vm_area_init,STORAGE_FS,high,fm1_sig,261,0,26,"Flash VM param-store area scan/format: validate magic 0xDDEEAA54/0x55AAAA54  memset page  build item index  CRC"
0x020382A8,12,isascii,MEMLIB,high,toolchain_lib,5,4,0,"Toolchain SDK: isascii"
0x020382B4,1112,vm_read,STORAGE_FS,high,fm1_sig,349,0,43,"Flash VM item lookup/read: find item by id  read length/offset  CRC-verify  copy out"
0x0203870C,14,_cleanup_r,MEMLIB,high,toolchain_lib,4,4,1,"Toolchain SDK: _cleanup_r"
0x0203871A,228,cfg_blob_mount,STORAGE_FS,high,fm1_sig,80,2,8,"Open flash region and parse/validate header (size limits  CRC) into ctx 0x1c0e4b0"
0x020387FE,34,cfg_id_table_lookup,STORAGE_FS,high,fm1_sig,12,4,0,"Lookup entry in 6-byte-stride resource/section table (0x204df94) by halfword id"
0x02038820,96,cfg_tlv_find,STORAGE_FS,high,fm1_sig,35,2,1,"Scan flash record region for entry matching id: big-endian header parse + CRC validate"
0x02038880,40,cfg_tlv_find_dual,STORAGE_FS,high,fm1_sig,15,3,2,"Search both VM regions (ctx 0x1c0e4b0) for a matching item via record scan"
0x020388A8,118,cfg_read_by_index,STORAGE_FS,high,fm1_sig,45,2,3,"VM item read with width/size bounds validation and copy"
0x0203891E,158,cfg_read_by_id,STORAGE_FS,high,fm1_sig,65,0,8,"VM item read wrappers: locate item and memmove payload into caller buffer"
0x020389BC,62,cfg_blob_mount_alt,STORAGE_FS,high,fm1_sig,23,1,3,"Open second VM region and store handle at 0x1c0e4c8"
0x020389FA,46,cfg_index_offset_scan,STORAGE_FS,high,fm1_sig,19,2,0,"Section-table lookup (0x2043832  2-byte stride): map id to flash offset/size"
0x02038A28,1188,cfg_item_read_verify,STORAGE_FS,high,fm1_sig,395,0,31,"Flash VM write/delete/enumerate (build record+CRC  program flash); block also holds a HW-timer start/stop and its ISR"
0x02038ECC,756,fn_02038ECC,STORAGE_FS,inferred,locality,248,0,11,"Inferred from neighboring translation unit (STORAGE_FS)"
0x020391C0,406,lrc_calibration_isr,PERIPH,high,fm1_sig,136,1,6,"Compute/update system clock frequency divisor (480MHz ref  64-bit div) and apply; ISR does adaptive freq measurement"
0x02039356,184,lp_suspend_ready_check,PERIPH,high,fm1_sig,62,2,0,"Stub (returns 0) plus clock-change lock/flag helper (set 0x1c09774) and clock status-bit read from 0x12f00"
0x0203940E,398,clk_div_ramp_update,PERIPH,high,fm1_sig,129,2,3,"On clock change mark matching timer nodes; DVFS clock-divider adjust (5-bit fields in 0x119c4) and timer requeue"
0x0203959C,20,iic_enable_get,PERIPH,high,fm1_sig,6,2,0,"Return clock/PLL status bit from register 0x11800 or 0x16a0c"
0x020395B0,54,iic_gate_ctrl,PERIPH,high,fm1_sig,15,7,0,"Configure clock/PLL enable registers: clear fields in 0x16a0c or write enable values via table 0x204ed30"
0x020395E6,38,irq_ext_pair_mask,PERIPH,high,fm1_sig,13,1,0,"Enable/disable a peripheral clock gate (id ~148/149) bit in register 0x51000"
0x0203960C,118,fn_0203960C,PERIPH,inferred,locality,40,3,2,"Inferred from neighboring translation unit (PERIPH)"
0x02039682,192,iic_hw_init,PERIPH,high,fm1_sig,65,5,14,"Clock-output (clkout) pin+source configuration: set 0x16a0c mode bits  configure two channel ids via pinmux/clock helpers"
0x02039742,28,iic_pnd2_get,PERIPH,high,fm1_sig,9,5,0,"Read clock/PLL status bit (0x11800>>17 or 0x16a10>>15)"
0x0203975E,28,iic_pnd2_get,PERIPH,high,fm1_sig,9,4,0,"Read clock/PLL status bit (0x11800>>17 or 0x16a10>>15)"
0x0203977A,20,iic_busy_get,PERIPH,high,fm1_sig,6,4,0,"Read clock/PLL status bit16 from register 0x11800 or 0x16a10"
0x0203978E,114,audio_slot_enable_locked,PERIPH,high,fm1_sig,38,3,0,"(subsystem inferred by address locality; not individually analysed)"
0x02039800,106,fn_02039800,PERIPH,inferred,locality,38,2,9,"Inferred from neighboring translation unit (PERIPH)"
0x0203986A,28,audio_slot_status_read,PERIPH,high,fm1_sig,9,2,0,"(subsystem inferred by address locality; not individually analysed)"
0x02039886,14,audio_sfr_flag_read,PERIPH,high,fm1_sig,4,2,0,"(subsystem inferred by address locality; not individually analysed)"
0x02039894,38,dec_atoi,MEMLIB,high,fm1_sig,16,2,0,"printf skip_atoi: parse run of decimal digits from *str into int (width/precision)"
0x020398BA,12,sprintf_putc,MEMLIB,high,fm1_sig,5,10,0,"printf putc-to-buffer: store byte at **dst and advance the destination pointer"
0x020398C6,102,sprintf_write_padded,MEMLIB,high,fm1_sig,42,5,3,"printf field output: emit string/field with fill char and left/right padding"
0x0203992C,158,sprintf_itoa,MEMLIB,high,fm1_sig,64,2,3,"printf integer-to-ASCII: format 32-bit signed/unsigned value in given base with sign"
0x020399CA,174,sprintf_lltoa,MEMLIB,high,fm1_sig,65,1,3,"printf 64-bit integer-to-ASCII: format 64-bit value via 64-bit divide with sign"
0x02039A78,472,_dtoa_r,MEMLIB,high,fm1_sig,150,2,15,"double-to-decimal-digits core (dtoa): float compares/mul/div to produce digit string"
0x02039C50,24,dtoa,MEMLIB,high,fm1_sig,11,2,1,"Thin wrapper around dtoa digit core (0x18ec6) with fixed rounding flag=1"
0x02039C68,438,_cvt,MEMLIB,high,fm1_sig,173,1,5,"Format double for %e/%f/%g: build mantissa/exponent text via dtoa core + memmove"
0x02039E1E,412,printf_efg_conv,MEMLIB,high,fm1_sig,148,1,9,"printf float conversion driver: %f/%e/%g with sign  precision  width and padding"
0x02039FBA,578,fn_02039FBA,PERIPH,inferred,locality,240,3,7,"Inferred from neighboring translation unit (PERIPH)"
0x0203A1FC,164,taskq_post_msg,PERIPH,high,fm1_sig,55,2,4,"(subsystem inferred by address locality; not individually analysed)"
0x0203A2A0,3428,fn_0203A2A0,PERIPH,inferred,locality,1092,0,71,"Inferred from neighboring translation unit (PERIPH)"
0x0203B004,20,sub_0203500e,PERIPH,inferred,locality,6,3,1,"Inferred from neighboring translation unit (PERIPH)"
0x0203B018,20,bt_hci_send_op2,MATHLIB,high,fm1_sig,6,2,1,"(subsystem inferred by address locality; not individually analysed)"
0x0203B02C,14,taskq_post_u8,PERIPH,inferred,locality,6,2,1,"Inferred from neighboring translation unit (PERIPH)"
0x0203B03A,126,os_queue_drain_locked,PERIPH,inferred,locality,46,3,0,"Inferred from neighboring translation unit (PERIPH)"
0x0203B0B8,14,ld16_unaligned,PERIPH,inferred,locality,6,22,0,"Inferred from neighboring translation unit (PERIPH)"
0x0203B0C6,24,reverse_bytes_local,PERIPH,inferred,locality,10,3,0,"Inferred from neighboring translation unit (PERIPH)"
0x0203B0DE,6,ble_ll_set_event_handler,BT,high,fm1_sig,3,3,0,"Register per-link event callback fn (+472) and context arg (+476)"
0x0203B0E4,186,timer_modify_by_id,BT,inferred,locality,59,2,3,"Inferred from neighboring translation unit (BT)"
0x0203B19E,18,chip_id_read_bytes,BT,inferred,locality,7,8,0,"Inferred from neighboring translation unit (BT)"
0x0203B1B0,12,list_insert_before_dup,MEMLIB,high,fm1_sig,5,2,0,"Doubly-linked list insert-before helper (duplicate)"
0x0203B1BC,122,lowpower_idle_try,BT,inferred,locality,39,4,1,"Inferred from neighboring translation unit (BT)"
0x0203B236,46,audio_ana_seq_init,BT,inferred,locality,12,2,4,"Inferred from neighboring translation unit (BT)"
0x0203B264,100,audio_sfr_block_preset,BT,inferred,locality,20,2,6,"Inferred from neighboring translation unit (BT)"
0x0203B2C8,756,audio_analog_init_mode,BT,inferred,locality,228,2,74,"Inferred from neighboring translation unit (BT)"
0x0203B5BC,192,audio_coeff_ram_upload,BT,inferred,locality,58,1,14,"Inferred from neighboring translation unit (BT)"
0x0203B67C,36,adda_win200_write,BT,inferred,locality,12,73,3,"Inferred from neighboring translation unit (BT)"
0x0203B6A0,2914,audio_codec_init,BT,inferred,locality,915,2,307,"Inferred from neighboring translation unit (BT)"
0x0203C202,156,audio_ana_strobe_seq,BT,inferred,locality,47,4,0,"Inferred from neighboring translation unit (BT)"
0x0203C29E,20,audio_ana_field_write_a,BT,inferred,locality,6,3,0,"Inferred from neighboring translation unit (BT)"
0x0203C2B2,22,audio_dac_trim_write_1191c,BT,inferred,locality,7,3,0,"Inferred from neighboring translation unit (BT)"
0x0203C2C8,22,audio_ana_status_read,BT,inferred,locality,7,2,1,"Inferred from neighboring translation unit (BT)"
0x0203C2DE,50,fn_0203C2DE,BT,inferred,locality,16,2,0,"Inferred from neighboring translation unit (BT)"
0x0203C310,24,audio_ana_write_verify,MISC,high,fm1_sig,10,2,1,"(subsystem inferred by address locality; not individually analysed)"
0x0203C328,36,audio_ana_field_set,MISC,high,fm1_sig,11,2,2,"(subsystem inferred by address locality; not individually analysed)"
0x0203C34C,410,audio_gain_table_init,MISC,high,fm1_sig,119,1,34,"(subsystem inferred by address locality; not individually analysed)"
0x0203C4E6,48,audio_reg_commit_strobe,MISC,inferred,locality,12,3,0,"Inferred from neighboring translation unit (MISC)"
0x0203C516,224,audio_trim_data_load,MISC,high,fm1_sig,67,1,13,"(subsystem inferred by address locality; not individually analysed)"
0x0203C5F6,20,audio_reg_cmd_write,MISC,high,fm1_sig,6,2,0,"(subsystem inferred by address locality; not individually analysed)"
0x0203C60A,28,hwreg_indexed_write_pair,MISC,high,fm1_sig,13,2,2,"Writes two indexed config words (idx 6 then bitfield-packed idx 7) via shared register-write helper 0x36448"
0x0203C626,104,os_obj_init_register,MEMLIB,high,fm1_sig,36,5,1,"Initializes heap block/pool header with guard magic 0x98765432  alignment fixup  links free node"
0x0203C68E,36,lowpower_veto_list_check,MISC,inferred,locality,15,2,0,"Inferred from neighboring translation unit (MISC)"
0x0203C6B2,314,lowpower_sleep_enter,MISC,inferred,locality,99,2,4,"Inferred from neighboring translation unit (MISC)"
0x0203C7EC,162,fn_0203C7EC,MISC,inferred,locality,53,2,0,"Inferred from neighboring translation unit (MISC)"
0x0203C88E,150,fn_0203C88E,MISC,inferred,locality,50,2,6,"Inferred from neighboring translation unit (MISC)"
0x0203C924,12,list_insert_before_dup,MEMLIB,high,fm1_sig,5,3,0,"Doubly-linked list insert-before helper (duplicate)"
0x0203C930,66,mem_pool_init,MEMLIB,high,fm1_sig,23,4,3,"Initializes a heap free-list region: aligns base  sets self-referential list heads and size tag"
0x0203C972,86,hw_str_hash_feed,MEMLIB,high,fm1_sig,31,2,2,"Computes string hash/CRC of a name via mutex-guarded hardware engine (0x13500)  returns packed id"
0x0203C9C8,90,device_register_named,MISC,high,fm1_sig,36,2,2,"Registers a named node into a hashed registry list  searching existing entries by hash first"
0x0203CA22,224,fmt_arg_walk_calc,MEMLIB,high,fm1_sig,83,3,0,"Parses format/template string into integer (decimal digits  A-L jump table  varargs); removes ASCII bias"
0x0203CB02,6,ble_ll_set_event_handler,BT,high,fm1_sig,3,3,0,"Register per-link event callback fn (+472) and context arg (+476)"
0x0203CB08,190,mem_pool_alloc,MEMLIB,high,fm1_sig,73,3,1,"Heap malloc core: best-fit walk of free list  splits block  under irq-lock"
0x0203CBC6,38,sys_pool_alloc,MEMLIB,high,fm1_sig,11,2,3,"malloc-from-specific-pool wrapper  gated on global pool availability (0x1C0E670)"
0x0203CBEC,102,list_add_locked,MEMLIB,high,fm1_sig,35,3,0,"Irq-locked doubly-linked list insert-after"
0x0203CC52,94,atomic_store_locked,MISC,high,fm1_sig,32,2,0,"Irq-locked atomic store of a word ([r0]=r1)"
0x0203CCB0,198,mem_pool_free,MEMLIB,high,fm1_sig,73,5,3,"Heap free core with adjacent-block coalescing  under irq-lock"
0x0203CD76,6,cache_flushinv_range_call,MISC,inferred,locality,3,13,1,"Inferred from neighboring translation unit (MISC)"
0x0203CD7C,14,list_del_init,MEMLIB,high,fm1_sig,6,2,0,"Doubly-linked list node remove and reinitialize"
0x0203CD8A,144,list_pop_head_locked,MEMLIB,high,fm1_sig,50,3,1,"Irq-locked list-remove of node if list non-empty"
0x0203CE1A,372,hw_cipher_16b_block,PERIPH,high,fm1_sig,142,4,0,"Hardware 128-bit block-cipher (AES) engine driver at 0x41200: loads key+data  polls status  reads 16-byte result"
0x0203CF8E,10,_cleanup_r,MEMLIB,high,toolchain_lib,4,2,1,"Toolchain SDK: _cleanup_r"
0x0203CF98,10,bt_event_wakeup_thunk,PERIPH,inferred,locality,4,3,1,"Inferred from neighboring translation unit (PERIPH)"
0x0203CFA2,112,obj_ref_inc_link,MEMLIB,high,fm1_sig,40,2,1,"Releases a slab/pool element to free list under irq-lock (refcount byte at [-1])"
0x0203D012,118,obj_ref_inc_notify,MEMLIB,high,fm1_sig,43,8,0,"Increments saturating refcount of a buffer object and invokes its vtable method [+20]"
0x0203D088,44,zalloc,MEMLIB,high,fm1_sig,14,2,4,"zalloc: allocate buffer then memset it to zero"
0x0203D0B4,20,zalloc_checked,MEMLIB,high,fm1_sig,7,12,3,"zalloc-or-panic wrapper (asserts on NULL allocation)"
0x0203D0C8,12,list_insert_before_dup,MEMLIB,high,fm1_sig,5,5,0,"Doubly-linked list insert-before helper (duplicate)"
0x0203D0D4,12,__cxa_finalize,MEMLIB,high,toolchain_lib,5,3,1,"Toolchain SDK: __cxa_finalize"
0x0203D0E0,142,event_listener_set_data,MISC,high,fm1_sig,47,3,0,"Searches registry list (0x1C09000) for node by 16-bit id  updates its [+12] callback/data under busy-flag lock"
0x0203D16E,122,msg_node_remove_free,MEMLIB,high,fm1_sig,41,2,3,"Unlinks node from list under irq-lock then frees it"
0x0203D1E8,26,list_unlink_free_all,MEMLIB,high,fm1_sig,10,3,2,"Frees every node in a list (unlink + free loop)"
0x0203D202,10,cache_flushinv_range_call,MISC,inferred,locality,3,2,1,"Inferred from neighboring translation unit (MISC)"
0x0203D20C,6,cache_flushinv_range_call,MISC,inferred,locality,3,18,1,"Inferred from neighboring translation unit (MISC)"
0x0203D212,14,list_del_init,MEMLIB,high,fm1_sig,6,2,0,"Doubly-linked list node remove and reinitialize"
0x0203D220,14,list_del_init,MEMLIB,high,fm1_sig,6,10,0,"Doubly-linked list node remove and reinitialize"
0x0203D22E,38,list_del_notify_empty,MEMLIB,high,fm1_sig,16,1,0,"Unlinks node and  if owning list now empty  invokes list callback [+12]"
0x0203D254,112,list_free_all_locked,MEMLIB,high,fm1_sig,38,3,1,"Frees all 16-byte-stride nodes in a list under irq-lock"
0x0203D2C4,76,device_list_poll,SYS_RTOS,high,fm1_sig,29,1,2,"Walks notifier/subscriber list: invokes flagged callbacks  computes min over votes  final callback"
0x0203D310,6,cache_flushinv_range_call,SYS_RTOS,inferred,locality,3,1,1,"Inferred from neighboring translation unit (SYS_RTOS)"
0x0203D316,1200,pmu_charge_manage,AUDIO_OUT,high,fm1_sig,375,2,22,"Large audio/codec+clock init state machine: binds device by name  programs codec regs via ROM  sizes buffers  spawns worker"
0x0203D7C6,28,hex_nibble_ascii,MEMLIB,high,fm1_sig,9,2,0,"Converts a 4-bit nibble to its ASCII hex character ('0'-'9' 'A'-'F'  else '?')"
0x0203D7E2,96,atomic_refcount_inc,SYS_RTOS,high,fm1_sig,32,1,0,"Interrupt-safe atomic increment of a refcount [r0] under per-CPU spinlock"
0x0203D842,206,atomic_dec_update_locked,SYS_RTOS,high,fm1_sig,71,2,0,"Spinlock-protected refcount decrement / flag-byte update accessor (JieLi cpu-lock idiom)"
0x0203D910,8,cache_flushinv_range_call,SYS_RTOS,inferred,locality,3,6,1,"Inferred from neighboring translation unit (SYS_RTOS)"
0x0203D918,132,atomic_or_flags_locked,SYS_RTOS,high,fm1_sig,51,1,0,"Spinlock-protected OR of flag bit 0x8 into object halfword; trailing const-return stubs"
0x0203D99C,48,att_build_value_response,BT,high,fm1_sig,17,2,2,"Build ATT response PDU from RAM template  append payload  clamp length to MTU-3"
0x0203D9CC,20,att_error_response,BT,high,fm1_sig,8,5,1,"Build ATT Error Response PDU (opcode 0x01  req-opcode  handle  error code)"
0x0203D9E0,8,_cleanup_r,MEMLIB,high,toolchain_lib,4,2,1,"Toolchain SDK: _cleanup_r"
0x0203D9E8,98,att_db_iterator_advance,BT,high,fm1_sig,38,5,3,"GATT attribute-DB iterator: decode handle/type/flags  advance to next entry"
0x0203DA4A,8,_cleanup_r,MEMLIB,high,toolchain_lib,4,2,1,"Toolchain SDK: _cleanup_r"
0x0203DA52,40,uuid128_is_bluetooth_base,BT,high,fm1_sig,15,3,1,"Test whether a 128-bit UUID is a Bluetooth 16-bit UUID (memcmp vs base UUID)"
0x0203DA7A,50,att_uuid16_match,BT,high,fm1_sig,21,6,2,"Compare an attribute's UUID against a 16-bit UUID value"
0x0203DAAC,100,att_uuid_match,BT,high,fm1_sig,39,2,6,"Match attribute UUID (16- or 128-bit) against target UUID"
0x0203DB10,68,att_server_check_permission,BT,high,fm1_sig,29,7,0,"ATT permission check returning ATT error codes (0x05/0x08/0x0C/0x0F)"
0x0203DB54,58,att_service_for_handle,BT,high,fm1_sig,19,2,3,"Find GATT service/group whose handle range contains a given handle"
0x0203DB8E,20,att_service_write_callback,BT,high,fm1_sig,8,2,1,"Return attribute group's write-handler pointer (field +12)"
0x0203DBA2,38,att_read_dynamic_value,BT,high,fm1_sig,18,4,1,"Invoke attribute's dynamic value/length callback  cache length at +16"
0x0203DBC8,80,att_read_attribute_value,BT,high,fm1_sig,35,4,2,"Read attribute value into buffer via memmove or dynamic callback"
0x0203DC18,10,_cleanup_r,MEMLIB,high,toolchain_lib,4,1,1,"Toolchain SDK: _cleanup_r"
0x0203DC22,46,att_find_attribute_by_handle,BT,high,fm1_sig,19,6,1,"Locate a GATT attribute by handle via the DB iterator"
0x0203DC50,20,att_service_write_callback,BT,high,fm1_sig,8,3,1,"Return attribute group's write-handler pointer (field +12)"
0x0203DC64,10,_cleanup_r,MEMLIB,high,toolchain_lib,4,1,1,"Toolchain SDK: _cleanup_r"
0x0203DC6E,90,att_invoke_registered_callbacks,BT,high,fm1_sig,35,2,3,"Iterate registered ATT/GATT clients invoking each callback"
0x0203DCC8,8,_cleanup_r,MEMLIB,high,toolchain_lib,4,2,1,"Toolchain SDK: _cleanup_r"
0x0203DCD0,2416,att_server_handle_request,BT,high,fm1_sig,805,2,81,"ATT server PDU dispatcher: opcode jump-table (MTU/Find/Read/Write requests)"
0x0203E640,242,aes_hw_block_transform,PERIPH,high,fm1_sig,95,7,0,"AES hardware engine single 128-bit block transform (SFR 0x41200  big-endian I/O)"
0x0203E732,468,aes_ccm_encrypt_auth,BT,high,fm1_sig,168,1,7,"AES-CCM core: B0/flags formatting  CBC-MAC + CTR mode using hardware AES"
0x0203E906,206,aes_ccm_hw_entry,BT,high,fm1_sig,66,2,1,"AES-CCM entry: load key into engine under hardware mutex  run CCM"
0x0203E9D4,12,list_insert_before_dup,MEMLIB,high,fm1_sig,5,4,0,"Doubly-linked list insert-before helper (duplicate)"
0x0203E9E0,100,atomic_inc_return_locked,SYS_RTOS,high,fm1_sig,35,2,0,"Spinlock-protected object refcount increment (retain)"
0x0203EA44,14,list_del_init,MEMLIB,high,fm1_sig,6,4,0,"Doubly-linked list node remove and reinitialize"
0x0203EA52,90,jlstream_obj_unlink_free,BT,high,fm1_sig,30,2,2,"Locked list-unlink of object node then free (BT object manager)"
0x0203EAAC,716,jlstream_object_create,BT,high,fm1_sig,230,0,23,"BT protocol/service registration and dispatch manager (name-keyed  recursive)"
0x0203ED78,768,jlstream_pipeline_task,BT,high,fm1_sig,241,3,28,"Send internal 0xA6 message plus BT event dispatch/init cluster"
0x0203F078,84,jlstream_node_get_info,BT,high,fm1_sig,32,2,3,"Query BT device value via callback (opcode 15) under mutex"
0x0203F0CC,82,strncasecmp_pos,MEMLIB,high,fm1_sig,29,14,0,"Case-insensitive bounded string compare (strncasecmp-like)"
0x0203F11E,126,jlstream_node_type_lookup,BT,high,fm1_sig,51,3,7,"Resolve BT protocol/profile name to canonical descriptor"
0x0203F19C,66,jlstream_node_type_probe,BT,high,fm1_sig,23,2,0,"Scan protocol descriptor table and dispatch to matching handler"
0x0203F1DE,156,jlstream_state_slot_alloc,BT,high,fm1_sig,53,2,0,"Per-core BT state array initialization under mutex"
0x0203F27A,18,ilog2_ceil,MATHLIB,high,fm1_sig,8,5,0,"Compute ceil(log2(n)) / bit-order of a value"
0x0203F28C,1764,jlstream_node_open,BT,high,fm1_sig,552,1,44,"Set up BT connection/channel: alloc control blocks  register handlers  subscribe events"
0x0203F970,182,jlstream_node_start,BT,high,fm1_sig,62,3,4,"BT connection close / disconnect state machine"
0x0203FA26,100,jlstream_node_flush,AUDIO_DSP,high,fm1_sig,37,5,3,"Stream node flush/pause state helper: transition state byte  issue control ioctls 0x80044106/07 to downstream"
0x0203FA8A,50,jlstream_node_release_buffers,AUDIO_DSP,high,fm1_sig,16,2,3,"Release a stream node's sub-buffers/cbufs (input  resample  downstream) during teardown"
0x0203FABC,26,jlstream_node_op_call,AUDIO_DSP,high,fm1_sig,11,4,0,"Trampoline invoking a stream node's control op (op-table +52) with packed args from r1"
0x0203FAD6,1724,jlstream_node_command_dispatch,AUDIO_DSP,high,fm1_sig,528,1,54,"Large jlstream node command dispatcher (tbh jump table): start/stop/link/set-param with alloc/free and sem sync"
0x02040192,1018,jlstream_node_open,AUDIO_DSP,high,fm1_sig,353,1,29,"Create/open a stream node by name: match name table  alloc buffers  copy params into node struct  issue setup ioctls"
0x0204058C,60,jlstream_node_start,AUDIO_DSP,high,fm1_sig,21,1,2,"Transition stream node to running: ioctl 0x80044104  set state 5  post semaphore"
0x020405C8,106,jlstream_node_stop,AUDIO_DSP,high,fm1_sig,35,1,6,"Stop stream node: iterate/flush entries  post semaphore  issue stop ioctl 0x80044106"
0x02040632,870,jlstream_task_loop,AUDIO_DSP,high,fm1_sig,306,0,37,"jlstream node close/destroy plus framework task loop reading msg queue and dispatching node ops (grouped)"
0x02040998,222,jlstream_node_data_fill,AUDIO_DSP,high,fm1_sig,80,0,10,"Node data-fill: read from source cbuf or memset silence on underrun  then notify downstream"
0x02040A76,144,cbuf_data_avail,AUDIO_DSP,high,fm1_sig,55,2,0,"Circular buffer: interrupt-safe get read pointer and available byte count"
0x02040B06,124,cbuf_commit_advance,AUDIO_DSP,high,fm1_sig,46,2,0,"Circular buffer: interrupt-safe commit/advance of read and mirror pointers"
0x02040B82,730,audio_src_feed_dac,AUDIO_OUT,high,fm1_sig,232,1,6,"Feed PCM frames from cbuf through HW sample-rate converter (regs @0x14300) into DAC output ring"
0x02040E5C,14,audio_callback_thunk,MISC,high,fm1_sig,7,1,0,"Indirect-call thunk: shuffle 4 args and call function pointer passed in r0"
0x02040E6A,978,jlstream_node_process,AUDIO_DSP,high,fm1_sig,332,0,26,"Process one pipeline node: pull from source cbuf  run node handler  push to DAC output"
0x0204123C,60,sbc_node_read_clamp,AUDIO_DSP,high,fm1_sig,26,2,0,"Framer helper: call node read op and clamp returned length to configured max"
0x02041278,68,sbc_frame_sync,AUDIO_DSP,high,fm1_sig,27,2,0,"Parse SBC frame header (sync 0x9C): compute header/scale-factor offset and locate next frame"
0x020412BC,1164,sbc_framer_node_ops,AUDIO_DSP,high,fm1_sig,435,0,17,"SBC framer node: compute frame length from header bitfields and implement open/read/param/free ops"
0x02041748,12,list_insert_before_dup,MEMLIB,high,fm1_sig,5,2,0,"Doubly-linked list insert-before helper (duplicate)"
0x02041754,12,list_insert_before_dup,MEMLIB,high,fm1_sig,5,3,0,"Doubly-linked list insert-before helper (duplicate)"
0x02041760,236,mempool_block_acquire2,MEMLIB,high,fm1_sig,79,2,2,"Pool lookup: find guarded block by tag bit  clear it  validate magics  return payload +28"
0x0204184C,236,mempool_block_acquire2,MEMLIB,high,fm1_sig,79,3,2,"Pool lookup: find guarded block by tag bit  clear it  validate magics  return payload +28"
0x02041938,6,ble_ll_set_event_handler,BT,high,fm1_sig,3,4,0,"Register per-link event callback fn (+472) and context arg (+476)"
0x0204193E,352,mempool_free_coalesce,MEMLIB,high,fm1_sig,126,3,11,"Pool free with guard-magic check  refcount decrement  and adjacent-block coalescing"
0x02041A9E,2490,stream_bufmgr_ioctl_dispatch,MEMLIB,high,fm1_sig,832,0,34,"Compute pool free-list stats (count  total free  largest); header of the stream buffer-manager dispatcher"
0x02042458,236,jlstream_pipeline_destroy,AUDIO_DSP,high,fm1_sig,88,0,7,"Destroy pipeline: walk node children  call their close/free ops  unlink and free each node"
0x02042544,654,fn_02042544,AUDIO_DSP,inferred,locality,211,3,14,"Inferred from neighboring translation unit (AUDIO_DSP)"
0x020427D2,1210,plnk_device_block,AUDIO_DSP,high,fm1_sig,410,0,32,"jlstream node manager (grouped): framework init/register  data-pump loop  and DAC IRQ handlers"
0x02042C8C,96,atomic_refcount_inc,SYS_RTOS,high,fm1_sig,32,8,0,"Interrupt-safe atomic increment of a refcount [r0] under per-CPU spinlock"
0x02042CEC,24,gpio_iomux_clk_toggle,AUDIO_OUT,high,fm1_sig,9,1,0,"Toggle audio clock/analog bits (0x900/0xF6FF) in register 0x51000 per enable flag"
0x02042D04,910,fn_02042D04,AUDIO_OUT,inferred,locality,309,0,28,"Inferred from neighboring translation unit (AUDIO_OUT)"
0x02043092,190,atomic_refcount_dec,SYS_RTOS,high,fm1_sig,67,7,1,"Interrupt-safe atomic decrement-and-test of a refcount under per-CPU spinlock"
0x02043150,150,audio_dac_deinit,AUDIO_OUT,high,fm1_sig,56,1,3,"DAC deinit/reset: restore DAC registers (0x12b00) to defaults and free DMA buffer"
0x020431E6,2932,audio_dac_device_ops,AUDIO_DSP,high,fm1_sig,1012,2,43,"Notify subscriber node list of ready audio; block bundles DAC DMA IRQ  PCM format conversion  channel cfg"
0x02043D5A,570,audio_dac_dma_refill,AUDIO_OUT,high,fm1_sig,193,0,6,"DAC DMA refill/trigger: compute buffer offsets and invoke per-channel refill callback"
0x02043F94,1162,fn_02043F94,AUDIO_OUT,inferred,locality,386,1,32,"Inferred from neighboring translation unit (AUDIO_OUT)"
0x0204441E,620,audio_sample_rate_set,AUDIO_OUT,high,fm1_sig,181,3,0,"Program audio clock dividers for a selected sample rate (8k..192k) via clock/analog registers"
0x0204468A,206,audio_channel_start,AUDIO_OUT,high,fm1_sig,74,2,4,"Start/configure audio channels per bitmask: set sample rate  clear buffers  mark descriptors active"
0x02044758,194,audio_channel_stop,AUDIO_OUT,high,fm1_sig,69,2,2,"Stop/pause audio channels per bitmask: clear descriptor enable bits"
0x0204481A,744,audio_channel_reset,AUDIO_OUT,high,fm1_sig,269,1,13,"Reset/reconfigure audio channels: clear descriptors  free buffer  re-map pins  notify pipeline"
0x02044B02,578,pcm_deinterleave_format_convert,AUDIO_DSP,high,fm1_sig,214,1,5,"PCM interleave/deinterleave and sample-format conversion across 2-4 channels for output"
0x02044D44,434,audio_channel_irq_dispatch,AUDIO_OUT,high,fm1_sig,157,0,4,"DAC channel-service routine (iterates 4 channels dispatching per-channel callbacks) plus two audio DMA IRQ handlers and node-name match"
0x02044EF6,684,fn_02044EF6,AUDIO_OUT,inferred,locality,246,1,11,"Inferred from neighboring translation unit (AUDIO_OUT)"
0x020451A2,228,audio_channel_close,AUDIO_OUT,high,fm1_sig,81,1,5,"Unregister/free audio device node from list; ioctl setters and default codec-config selection helpers"
0x02045286,42,audio_open_watchdog_arm,AUDIO_OUT,high,fm1_sig,14,2,1,"One-shot DAC power-on settle delay computed from elapsed system time (anti-pop)"
0x020452B0,38,audio_dac_trim_write,AUDIO_OUT,high,fm1_sig,16,2,0,"Write DAC analog trim/config register field selected by tbb jump table (index 0-3)"
0x020452D6,104,audio_dac_trim_sense,AUDIO_OUT,high,fm1_sig,35,2,0,"DAC calibration measurement loop sampling comparator bit against clock counter  returns compare count"
0x0204533E,194,audio_dac_trim_calibrate,AUDIO_OUT,high,fm1_sig,63,8,4,"DAC offset/gain trim calibration via binary search over trim codes using comparator feedback"
0x02045400,152,audio_dac_set_digital_volume,AUDIO_OUT,high,fm1_sig,55,4,0,"Set DAC output volume/gain from percentage via volume table into codec digital-gain registers"
0x02045498,2040,fn_02045498,AUDIO_OUT,inferred,locality,663,4,30,"Inferred from neighboring translation unit (AUDIO_OUT)"
0x02045C90,80,audio_dac_dma_stop,AUDIO_OUT,high,fm1_sig,27,2,1,"Stop/mute DAC and zero output buffer (memset) when device is active"
0x02045CE0,106,audio_dac_set_sample_rate,AUDIO_OUT,high,fm1_sig,30,2,0,"Program DAC clock/channel divider register from sample-rate index lookup table"
0x02045D4A,158,audio_dac_fifo_config,AUDIO_OUT,high,fm1_sig,44,2,0,"Enable DAC analog output path/routing registers and apply settle delay"
0x02045DE8,2108,audio_dev_event_dispatch,AUDIO_OUT,high,fm1_sig,711,0,34,"Audio DAC device ops: stop/close/write-callback/ioctl dispatch plus multi-format output write path"
0x02046624,1082,audio_dac_channel_route,AUDIO_OUT,high,fm1_sig,335,2,8,"Configure codec analog channel routing matrix from device name and channel bitmask"
0x02046A5E,172,audio_dac_set_analog_gain,AUDIO_OUT,high,fm1_sig,57,3,2,"Set codec analog gain from percentage into per-channel gain registers"
0x02046B0A,102,audio_dac_output_enable,AUDIO_OUT,high,fm1_sig,37,3,0,"Configure codec channel enable/routing bitfields (analog config register 0x119c8)"
0x02046B70,66,audio_adc_channel_enable,AUDIO_OUT,high,fm1_sig,27,3,0,"Configure codec input enable/mux bits (analog config register 0x119cc)"
0x02046BB2,1786,audio_dac_open,AUDIO_OUT,high,fm1_sig,562,0,27,"ADC/line-in codec open: allocate capture buffer  set up input path  gain and routing"
0x020472AC,50,audio_dac_fifo_reset,AUDIO_OUT,high,fm1_sig,15,2,0,"Stop ADC/line-in capture: clear input codec registers and advance state machine"
0x020472DE,194,audio_dac_gain_broadcast,AUDIO_OUT,high,fm1_sig,62,2,2,"Set ADC input analog gain per channel from percentage into codec gain register"
0x020473A0,1546,audio_dac_output_open,AUDIO_OUT,high,fm1_sig,487,0,22,"ADC capture device ops: open/close/start/stop/ioctl with sample-rate table mapping"
0x020479AA,4458,audio_dac_irq_handler,AUDIO_DSP,high,fm1_sig,1417,0,25,"Merged audio region: resample/format-convert  DAC/ADC DMA IRQ handlers  polyphase FIR and saturation-table DSP kernels (also context-switch/modf tail)"
0x02048B14,142,modf,MEMLIB,high,toolchain_lib,46,3,0,"Toolchain SDK: modf"
0x02048BA2,2126,fn_02048BA2,UNCLASSIFIED,none,none,664,1,118,""
0x020493F0,328,__ieee754_sqrt,MEMLIB,high,toolchain_lib,120,1,4,"Toolchain SDK: __ieee754_sqrt"
0x02049538,4,fn_02049538,UNCLASSIFIED,none,none,2,1,0,""
0x0204953C,10,fn_0204953C,UNCLASSIFIED,none,none,3,1,0,""
0x02049546,226,scalbn,MEMLIB,high,toolchain_lib,68,1,4,"Toolchain SDK: scalbn"
0x02049628,56,fn_02049628,UNCLASSIFIED,none,none,23,1,0,""
0x02049660,56,memcmp,MEMLIB,high,toolchain_lib,21,77,0,"Toolchain SDK: memcmp"
0x02049698,194,memmove,MEMLIB,high,toolchain_lib,74,223,0,"Toolchain SDK: memmove"
0x0204975A,24,strcat,MEMLIB,high,toolchain_lib,11,1,0,"Toolchain SDK: strcat"
0x02049772,20,strchr,MEMLIB,high,toolchain_lib,8,5,0,"Toolchain SDK: strchr"
0x02049786,160,strcmp,MEMLIB,high,toolchain_lib,58,98,0,"Toolchain SDK: strcmp"
0x02049826,110,strcpy,MEMLIB,high,toolchain_lib,38,5,0,"Toolchain SDK: strcpy"
0x02049894,12,strlen,MEMLIB,high,toolchain_lib,6,68,0,"Toolchain SDK: strlen"
0x020498A0,26,strncmp,MEMLIB,high,toolchain_lib,12,5,0,"Toolchain SDK: strncmp"
0x020498BA,20,strnlen,MEMLIB,high,toolchain_lib,8,1,0,"Toolchain SDK: strnlen"
0x020498CE,332,strtol,MEMLIB,high,fm1_sig,122,2,2,"String parsing helpers: strpbrk  substring match  and strtol/strtoul core+wrapper using ctype table"
0x02049A1A,30,rep_clz,MEMLIB,high,toolchain_lib,9,2,0,"Toolchain SDK: rep_clz"
0x02049A38,34,normalize,MEMLIB,high,toolchain_lib,10,2,1,"Toolchain SDK: normalize"
0x02049A5A,724,__adddf3,MEMLIB,high,toolchain_lib,225,46,3,"Toolchain SDK: __adddf3"
0x02049D2E,408,fn_02049D2E,UNCLASSIFIED,none,none,127,1,0,""
0x02049EC6,2,fn_02049EC6,UNCLASSIFIED,none,none,1,2,0,""
0x02049EC8,2,fn_02049EC8,UNCLASSIFIED,none,none,1,3,0,""
0x02049ECA,2,fn_02049ECA,UNCLASSIFIED,none,none,1,1,0,""
0x02049ECC,2,fn_02049ECC,UNCLASSIFIED,none,none,1,5,0,""
0x02049ECE,54,normalize,MEMLIB,high,toolchain_lib,16,2,0,"Toolchain SDK: normalize"
0x02049F04,784,__divdf3,MEMLIB,high,toolchain_lib,230,9,2,"Toolchain SDK: __divdf3"
0x0204A214,76,__floatsidf,MEMLIB,high,toolchain_lib,26,5,0,"Toolchain SDK: __floatsidf"
0x0204A260,54,normalize,MEMLIB,high,toolchain_lib,16,2,0,"Toolchain SDK: normalize"
0x0204A296,708,__muldf3,MEMLIB,high,toolchain_lib,217,57,2,"Toolchain SDK: __muldf3"
0x0204A55A,6,fn_0204A55A,UNCLASSIFIED,none,none,2,32,0,""
0x0204A560,166,fn_0204A560,UNCLASSIFIED,none,none,57,194,0,""
0x0204A606,84,__fixdfsi,MEMLIB,high,toolchain_lib,26,6,0,"Toolchain SDK: __fixdfsi"
0x0204A65A,52,__floatunsidf,MEMLIB,high,toolchain_lib,19,4,0,"Toolchain SDK: __floatunsidf"
0x0204A68E,322,__truncdfsf2,MEMLIB,high,toolchain_lib,92,1,0,"Toolchain SDK: __truncdfsf2"
0x0204A7D0,16,__udivdi3,MEMLIB,high,toolchain_lib,7,1,1,"Toolchain SDK: __udivdi3"
0x0204A7E0,550,__udivmoddi4,MEMLIB,high,toolchain_lib,180,2,0,"Toolchain SDK: __udivmoddi4"
0x0204AA06,9890,fn_0204AA06,UNCLASSIFIED,none,none,3056,1,2,""
0x0204D0A8,2192,fn_0204D0A8,UNCLASSIFIED,none,none,598,1,1,""
0x0204D938,5566,fn_0204D938,UNCLASSIFIED,none,none,1395,1,1,""
0x0204EEF6,7906,fn_0204EEF6,UNCLASSIFIED,none,none,2440,1,1,""
0x02050DD8,274,fn_02050DD8,UNCLASSIFIED,none,none,78,1,1,""
0x02050EEA,458,fn_02050EEA,UNCLASSIFIED,none,none,100,1,1,""
0x020510B4,1604,fn_020510B4,UNCLASSIFIED,none,none,401,1,1,""
0x020516F8,14618,fn_020516F8,UNCLASSIFIED,none,none,3599,1,1,""
0x02055012,3658,fn_02055012,UNCLASSIFIED,none,none,1266,1,3,""
0x02055E5C,82,rodata_font_data,UNCLASSIFIED,high,fm1_sig,28,0,1,"misdecoded font bitmap  pointer stored by display init"
0x02055EAE,2,fn_02055EAE,UNCLASSIFIED,none,none,1,1,0,""
0x02055EB0,34,rodata_font_data_b,UNCLASSIFIED,high,fm1_sig,11,1,1,"misdecoded rodata: font bitmap data"
0x02055ED2,38,rodata_font_data_c,UNCLASSIFIED,high,fm1_sig,14,1,1,"misdecoded rodata: font bitmap data"
0x02055EF8,14,rodata_font_frag_b,UNCLASSIFIED,high,fm1_sig,3,1,0,"small data fragment inside font region"
0x02055F06,350,rodata_font_data_d,UNCLASSIFIED,high,fm1_sig,120,1,0,"misdecoded rodata: font bitmap data"
0x02056064,456,rodata_font_data_e,UNCLASSIFIED,high,fm1_sig,152,0,4,"misdecoded rodata: font bitmap data"
0x0205622C,6,fn_0205622C,UNCLASSIFIED,none,none,1,1,0,""
0x02056232,30,rodata_font_data_f,UNCLASSIFIED,high,fm1_sig,5,1,0,"misdecoded rodata: font bitmap data"
0x02056250,1858,fn_02056250,UNCLASSIFIED,none,none,622,1,1,""
0x02056992,9846,fn_02056992,UNCLASSIFIED,none,none,3786,1,0,""
0x02059008,5134,fn_02059008,UNCLASSIFIED,none,none,1866,0,2,""
0x0205A416,354,rodata_sin_freqlut,UNCLASSIFIED,high,fm1_sig,105,1,0,"sine table tail plus msfa freqlut log2 table"
0x0205A578,1878,rodata_freqlut_exp2,UNCLASSIFIED,high,fm1_sig,727,0,2,"msfa freqlut body plus exp2 float table"
0x0205ACCE,54,fp_lut_data_51c2a,UNCLASSIFIED,high,fm1_sig,24,1,0,"float/fixpoint parameter-curve LUT fragment misdecoded as code"
0x0205AD04,464,fp_lut_data_51c60,UNCLASSIFIED,high,fm1_sig,196,0,2,"float32 LUT data fragment misdecoded as code"
0x0205AED4,480,fp_lut_data_51e30,UNCLASSIFIED,high,fm1_sig,208,1,1,"float32 LUT data fragment misdecoded as code"
0x0205B0B4,540,dx7_ramp_lut_52010,UNCLASSIFIED,high,fm1_sig,238,1,0,"float32 rising ramp LUT (0.735 up)  synth curve data"
0x0205B2D0,7140,fn_0205B2D0,UNCLASSIFIED,none,none,2569,0,2,""
0x0205CEB4,6866,fn_0205CEB4,UNCLASSIFIED,none,none,2984,1,0,""
0x0205E986,54,ftl_lba_to_flash_addr,UNCLASSIFIED,high,fm1_sig,19,14,0,"map logical sector index to flash byte offset"
0x0205E9BC,274,ftl_translate_sector,UNCLASSIFIED,high,fm1_sig,93,2,6,"translate sector via cached map entries  type dispatch"
0x0205EACE,8,cache_flushinv_range_call,UNCLASSIFIED,high,fm1_sig,3,3,1,"trampoline into dcache flush-invalidate range routine"
0x0205EAD6,256,ftl_build_io_descriptors,UNCLASSIFIED,high,fm1_sig,89,1,2,"split byte range into 12-byte io descriptor records"
0x0205EBD6,652,norfs_read_sectors,UNCLASSIFIED,high,fm1_sig,233,1,7,"buffered 512-byte sector read via zeroed bounce buffer"
0x0205EE62,532,norfs_write_sectors,UNCLASSIFIED,high,fm1_sig,191,2,6,"sector write path with read-modify-erase handling"
0x0205F076,694,norfs_write_fill,UNCLASSIFIED,high,fm1_sig,240,0,6,"write/copy helper with memset padding and flush"
0x0205F32C,202,mspace_ensure_init,UNCLASSIFIED,high,fm1_sig,63,4,0,"lazy-init dlmalloc mparams/magic under spinlock"
0x0205F3F6,34,fn_0205F3F6,UNCLASSIFIED,none,none,12,3,0,""
0x0205F418,98,sbrk,UNCLASSIFIED,high,fm1_sig,32,10,0,"bump heap break pointer  bound-check against limit"
0x0205F47A,64,fn_0205F47A,UNCLASSIFIED,none,none,23,3,0,""
0x0205F4BA,4516,fn_0205F4BA,UNCLASSIFIED,none,none,1485,67,13,""
0x0206065E,8,cache_flushinv_range_call,SYS_RTOS,inferred,locality,3,2,1,"Inferred from neighboring translation unit (SYS_RTOS)"
0x02060666,1816,fn_02060666,SYS_RTOS,inferred,locality,593,158,6,"Inferred from neighboring translation unit (SYS_RTOS)"
0x02060D7E,8,cache_flushinv_range_call,SYS_RTOS,inferred,locality,3,4,1,"Inferred from neighboring translation unit (SYS_RTOS)"
0x02060D86,26,zalloc,SYS_RTOS,inferred,locality,10,98,2,"Inferred from neighboring translation unit (SYS_RTOS)"
0x02060DA0,1188,fn_02060DA0,SYS_RTOS,inferred,locality,411,3,0,"Inferred from neighboring translation unit (SYS_RTOS)"
0x02061244,980,fn_02061244,SYS_RTOS,inferred,locality,307,1,5,"Inferred from neighboring translation unit (SYS_RTOS)"
0x02061618,56,calloc,SYS_RTOS,high,fm1_sig,19,1,2,"(subsystem inferred by address locality; not individually analysed)"
0x02061650,538,mspace_memalign,SYS_RTOS,high,fm1_sig,177,0,8,"(subsystem inferred by address locality; not individually analysed)"
0x0206186A,2,fn_0206186A,SYS_RTOS,inferred,locality,1,1,0,"Inferred from neighboring translation unit (SYS_RTOS)"
0x0206186C,106,xTaskGetCurrentTaskHandle,SYS_RTOS,high,fm1_sig,34,7,0,"(subsystem inferred by address locality; not individually analysed)"
0x020618D6,60,rtos_fatal_assert,SYS_RTOS,high,fm1_sig,19,18,2,"(subsystem inferred by address locality; not individually analysed)"
0x02061912,118,pcTaskGetName_current,SYS_RTOS,high,fm1_sig,40,166,2,"(subsystem inferred by address locality; not individually analysed)"
0x02061988,60,vTaskSuspendAll,SYS_RTOS,high,fm1_sig,18,6,0,"(subsystem inferred by address locality; not individually analysed)"
0x020619C4,80,find_tcb_by_name,SYS_RTOS,high,fm1_sig,31,5,0,"(subsystem inferred by address locality; not individually analysed)"
0x02061A14,122,uxListRemove,SYS_RTOS,high,fm1_sig,43,14,0,"(subsystem inferred by address locality; not individually analysed)"
0x02061A8E,22,vListInsertEnd,SYS_RTOS,high,fm1_sig,10,10,0,"(subsystem inferred by address locality; not individually analysed)"
0x02061AA4,36,prvResetNextTaskUnblockTime,SYS_RTOS,high,fm1_sig,12,5,0,"(subsystem inferred by address locality; not individually analysed)"
0x02061AC8,426,xTaskIncrementTick,SYS_RTOS,high,fm1_sig,138,2,5,"(subsystem inferred by address locality; not individually analysed)"
0x02061C72,186,vTaskSwitchContext,SYS_RTOS,high,fm1_sig,60,2,1,"(subsystem inferred by address locality; not individually analysed)"
0x02061D2C,230,os_sched,SYS_RTOS,high,fm1_sig,78,12,3,"Scheduler reschedule trigger: under critical section compares per-CPU current vs pending task  raises cross-core resched bit"
0x02061E12,240,__os_sched_process,SYS_RTOS,high,fm1_sig,73,9,7,"Scheduler unlock: decrement sched-lock nesting  process pending ready tasks and perform deferred context switch"
0x02061F02,120,os_task_get_handle,SYS_RTOS,high,fm1_sig,37,5,8,"Look up kernel object (task/queue) by name across registered object tables (strlen<64  strcmp scan)"
0x02061F7A,158,__os_taskq_lookup,SYS_RTOS,high,fm1_sig,54,5,0,"Search global object list for node whose key at +8 matches arg  return node payload (+12)"
0x02062018,60,os_assert_failed,SYS_RTOS,high,fm1_sig,18,11,2,"Fatal OS error handler: disable IRQ  take lock  log then abort/hang"
0x02062054,350,__os_q_push,SYS_RTOS,high,fm1_sig,120,2,4,"Queue send worker: copy element into ring buffer (memmove  wrap)  ready highest-priority waiting task"
0x020621B2,298,__os_waitlist_wake,SYS_RTOS,high,fm1_sig,96,7,6,"Wake one waiter: move task to ready list  set ready bitmap  request reschedule if higher priority"
0x020622DC,170,__os_q_put,SYS_RTOS,high,fm1_sig,61,3,3,"Semaphore/queue give: bump count and release waiter when buffer has space"
0x02062386,364,__os_taskq_post_type,SYS_RTOS,high,fm1_sig,133,2,5,"Queue/mailbox multi-item post: look up object  deliver up to N (<=18) items to waiters"
0x020624F2,12,os_taskq_post_type,SYS_RTOS,high,fm1_sig,4,18,1,"Public wrapper for queue post (0x59580)  passes caller return address"
0x020624FE,42,__os_waitlist_insert,SYS_RTOS,high,fm1_sig,18,3,0,"Insert task node into priority-sorted doubly-linked wait/timer list"
0x02062528,802,__os_task_block,SYS_RTOS,high,fm1_sig,268,2,4,"Block current task on object: clear ready bit  insert into wait list by priority/timeout"
0x0206284A,30,__os_time_dly,SYS_RTOS,high,fm1_sig,11,2,4,"Delete/release kernel object: critical section  unblock waiters via 0x59722  sched unlock"
0x02062868,6,cache_flushinv_range_call,SYS_RTOS,inferred,locality,3,51,1,"Inferred from neighboring translation unit (SYS_RTOS)"
0x0206286E,56,os_taskq_post_msg,SYS_RTOS,high,fm1_sig,24,21,1,"Variadic queue post: gather pointer array from stack list and post via 0x59580"
0x020628A6,18,__os_waitlist_init,SYS_RTOS,high,fm1_sig,7,8,0,"Initialize sentinel doubly-linked list head (+4/+12/+16 self  +8=-1  count 0)"
0x020628B8,194,__os_q_create,SYS_RTOS,high,fm1_sig,76,6,3,"Init kernel object control block (queue/pool): buffer bounds  element size/count  two wait lists"
0x0206297A,32,os_time_get,SYS_RTOS,high,fm1_sig,11,1,1,"Init timeout struct from system-tick globals (0x1C0976C/0x1C09768)"
0x0206299A,358,__os_timeout_check,SYS_RTOS,high,fm1_sig,119,2,3,"Compute/refresh wait timeout against system tick; detect expiry (-1 = wait forever)"
0x02062B00,132,__os_pend_block,SYS_RTOS,high,fm1_sig,44,2,3,"Pend current task: append current task to object wait list then block (0x59722)"
0x02062B84,248,__os_obj_wakeup_all,SYS_RTOS,high,fm1_sig,87,6,2,"Wake all tasks on both wait lists of an object (flush waiters  set resched)"
0x02062C7C,550,__os_q_post,SYS_RTOS,high,fm1_sig,185,6,14,"Blocking take/receive with timeout: loop pend/wake until count available or timed out"
0x02062EA2,44,os_mutex_create,SYS_RTOS,high,fm1_sig,19,16,2,"Create counting semaphore (elem size 4) and perform initial acquire"
0x02062ECE,66,cpu1_boot_start,SYS_RTOS,high,fm1_sig,20,1,0,"Low-level cross-core/hardware trigger: store entry ptr in RAM  poke SFRs  busy-wait on flag"
0x02062F10,22,os_init,SYS_RTOS,high,fm1_sig,7,1,0,"OS init: set running flag (0x1C09778) and init global object-list head (0x1C20B6C)"
0x02062F26,154,__os_task_tcb_init,SYS_RTOS,high,fm1_sig,57,2,1,"Task control block init: fill stack with 0xA5  copy name  set priority  init lists and entry/arg"
0x02062FC0,566,__os_task_ready_insert,SYS_RTOS,high,fm1_sig,177,2,7,"Add task to scheduler: assign id  set ready bitmap/list  request reschedule"
0x020631F6,80,__os_task_create_static,SYS_RTOS,high,fm1_sig,33,3,4,"Build task: initialize TCB (0x5a120) then register with scheduler (0x5a1ba)"
0x02063246,108,__os_task_register,SYS_RTOS,high,fm1_sig,37,3,0,"Register node into global object list (head insert) under critical section"
0x020632B2,212,os_task_create_static,SYS_RTOS,high,fm1_sig,79,2,3,"Create task with associated queue/mutex resource"
0x02063386,94,__os_task_create_alloc,SYS_RTOS,high,fm1_sig,37,2,5,"Create task with dynamically allocated stack and TCB (malloc/free)  init and schedule"
0x020633E4,216,os_task_create,SYS_RTOS,high,fm1_sig,79,1,4,"Higher-level task spawn: create task plus its mailbox/mutex resources"
0x020634BC,268,os_start,SYS_RTOS,high,fm1_sig,74,1,5,"Start scheduler: create initial/idle task and jump into first task's restored context"
0x020635C8,30,os_sem_create,SYS_RTOS,high,fm1_sig,14,26,1,"Create mutex object (count 255  type 2) and reset its count"
0x020635E6,186,os_sem_post,SYS_RTOS,high,fm1_sig,66,47,4,"Semaphore/mutex give (post): bump count  wake waiter  or defer full-release if in ISR"
0x020636A0,36,__os_q_get,SYS_RTOS,high,fm1_sig,14,2,1,"Dequeue: copy one element out of queue ring buffer with wrap (memmove)"
0x020636C4,100,__os_q_is_empty,SYS_RTOS,high,fm1_sig,35,2,0,"Test-and-decrement queue/semaphore count under critical section; return was-empty flag"
0x02063728,1398,__os_q_pend,SYS_RTOS,high,fm1_sig,456,6,18,"Core queue receive / mutex lock with timeout and priority inheritance (blocking pend)"
0x02063C9E,414,os_mutex_pend,SYS_RTOS,high,fm1_sig,129,48,5,"Recursive mutex/sem lock (pend) public API with ISR/OS-state checks  recursion count at +12"
0x02063E3C,358,os_mutex_post,SYS_RTOS,high,fm1_sig,109,63,5,"Recursive mutex/sem unlock (post) public API with ISR/OS-state checks  decrements recursion at +12"
0x02063FA2,52,os_q_pend,SYS_RTOS,high,fm1_sig,19,34,1,"(subsystem inferred by address locality; not individually analysed)"
0x02063FD6,102,taskq_msg_count,SYS_RTOS,high,fm1_sig,35,2,1,"(subsystem inferred by address locality; not individually analysed)"
0x0206403C,314,os_taskq_del_type,SYS_RTOS,high,fm1_sig,110,1,8,"(subsystem inferred by address locality; not individually analysed)"
0x02064176,8,cache_flushinv_range_call,SYS_RTOS,inferred,locality,3,2,1,"Inferred from neighboring translation unit (SYS_RTOS)"
0x0206417E,682,os_task_create,SYS_RTOS,high,fm1_sig,224,4,14,"(subsystem inferred by address locality; not individually analysed)"
0x02064428,64,taskq_msg_pop,SYS_RTOS,high,fm1_sig,25,2,3,"(subsystem inferred by address locality; not individually analysed)"
0x02064468,368,__os_taskq_pend,SYS_RTOS,high,fm1_sig,133,4,8,"(subsystem inferred by address locality; not individually analysed)"
0x020645D8,14,os_taskq_pend,SYS_RTOS,high,fm1_sig,5,3,1,"(subsystem inferred by address locality; not individually analysed)"
0x020645E6,36,os_time_dly_ms,SYS_RTOS,high,fm1_sig,14,2,1,"(subsystem inferred by address locality; not individually analysed)"
0x0206460A,104,taskq_count_clear,SYS_RTOS,high,fm1_sig,35,18,1,"(subsystem inferred by address locality; not individually analysed)"
0x02064672,44,task_list_remove,SYS_RTOS,inferred,locality,13,2,3,"Inferred from neighboring translation unit (SYS_RTOS)"
0x0206469E,62,os_q_del,SYS_RTOS,inferred,locality,21,3,2,"Inferred from neighboring translation unit (SYS_RTOS)"
0x020646DC,1124,fn_020646DC,SYS_RTOS,inferred,locality,371,2,16,"Inferred from neighboring translation unit (SYS_RTOS)"
0x02064B40,516,fn_02064B40,SYS_RTOS,inferred,locality,166,2,11,"Inferred from neighboring translation unit (SYS_RTOS)"
0x02064D44,116,task_switch_trigger,SYS_RTOS,inferred,locality,31,1,0,"Inferred from neighboring translation unit (SYS_RTOS)"
0x02064DB8,1536,os_idle_task,SYS_RTOS,inferred,locality,485,1,33,"Inferred from neighboring translation unit (SYS_RTOS)"
0x020653B8,54,os_task_count_query,SYS_RTOS,inferred,locality,17,1,0,"Inferred from neighboring translation unit (SYS_RTOS)"
0x020653EE,12,sched_stat_add,SYS_RTOS,inferred,locality,3,1,0,"Inferred from neighboring translation unit (SYS_RTOS)"
0x020653FA,10,_cleanup_r,MEMLIB,high,toolchain_lib,4,2,1,"Toolchain SDK: _cleanup_r"
0x02065404,8,cache_flushinv_range_call,SYS_RTOS,inferred,locality,3,2,1,"Inferred from neighboring translation unit (SYS_RTOS)"
0x0206540C,10,_cleanup_r,MEMLIB,high,toolchain_lib,4,1,1,"Toolchain SDK: _cleanup_r"
0x02065416,276,os_task_del_req,SYS_RTOS,inferred,locality,93,1,6,"Inferred from neighboring translation unit (SYS_RTOS)"
0x0206552A,52,taskq_obj_del_wrap2,SYS_RTOS,inferred,locality,21,2,1,"Inferred from neighboring translation unit (SYS_RTOS)"
0x0206555E,88,os_tick_update,SYS_RTOS,inferred,locality,29,10,0,"Inferred from neighboring translation unit (SYS_RTOS)"
0x020655B6,8,os_tick_get_half,SYS_RTOS,inferred,locality,4,9,1,"Inferred from neighboring translation unit (SYS_RTOS)"
0x020655BE,1174,fn_020655BE,SYS_RTOS,inferred,locality,540,13,2,"Inferred from neighboring translation unit (SYS_RTOS)"
0x02065A54,22,audio_dac_cfg_pack,SYS_RTOS,inferred,locality,6,1,0,"Inferred from neighboring translation unit (SYS_RTOS)"
0x02065A6A,124,audio_state_set_guarded,SYS_RTOS,inferred,locality,43,3,1,"Inferred from neighboring translation unit (SYS_RTOS)"
0x02065AE6,10,dac_vol_clamp_r,SYS_RTOS,inferred,locality,4,2,0,"Inferred from neighboring translation unit (SYS_RTOS)"
0x02065AF0,10,dac_vol_clamp_r,SYS_RTOS,inferred,locality,4,2,0,"Inferred from neighboring translation unit (SYS_RTOS)"
0x02065AFA,12,ble_dcb_byte_get,BT,high,fm1_sig,3,4,0,"Getter: return byte field at 0x1C09C58+64"
0x02065B06,62,dac_trim_save,BT,inferred,locality,20,2,2,"Inferred from neighboring translation unit (BT)"
0x02065B44,12,dac_trim_get,BT,inferred,locality,3,2,0,"Inferred from neighboring translation unit (BT)"
0x02065B50,20,dac_trim_adjust,BT,inferred,locality,7,2,0,"Inferred from neighboring translation unit (BT)"
0x02065B64,178,audio_dac_sr_calc,BT,inferred,locality,50,2,5,"Inferred from neighboring translation unit (BT)"
0x02065C16,5558,fn_02065C16,BT,inferred,locality,1652,1,96,"Inferred from neighboring translation unit (BT)"
0x020671CC,74,audio_dac_power_down,MATHLIB,high,fm1_sig,26,1,0,"(subsystem inferred by address locality; not individually analysed)"
0x02067216,54,fn_02067216,BT,inferred,locality,23,1,0,"Inferred from neighboring translation unit (BT)"
0x0206724C,38,ipc_handler_register,MATHLIB,high,fm1_sig,9,1,1,"(subsystem inferred by address locality; not individually analysed)"
0x02067272,100,ipc_call_sync,MATHLIB,high,fm1_sig,30,1,8,"(subsystem inferred by address locality; not individually analysed)"
0x020672D6,194,ipc_cmd_send,MATHLIB,high,fm1_sig,61,2,4,"(subsystem inferred by address locality; not individually analysed)"
0x02067398,30,bt_taskq_post_by_dev,MATHLIB,high,fm1_sig,13,7,2,"(subsystem inferred by address locality; not individually analysed)"
0x020673B6,198,os_taskq_post_type_retry,MATHLIB,high,fm1_sig,64,19,4,"(subsystem inferred by address locality; not individually analysed)"
0x0206747C,20,bt_hook_call_op2,MATHLIB,high,fm1_sig,8,1,0,"(subsystem inferred by address locality; not individually analysed)"
0x02067490,186,os_taskq_post_msg_retry,MATHLIB,high,fm1_sig,59,27,4,"(subsystem inferred by address locality; not individually analysed)"
0x0206754A,26,bt_dev_ops_method24_call,MATHLIB,high,fm1_sig,11,3,0,"(subsystem inferred by address locality; not individually analysed)"
0x02067564,68,bt_hci_cmd_msg_send,MATHLIB,high,fm1_sig,23,58,4,"(subsystem inferred by address locality; not individually analysed)"
0x020675A8,32,bt_msg_post_type1,MATHLIB,high,fm1_sig,12,1,1,"(subsystem inferred by address locality; not individually analysed)"
0x020675C8,18,remquol,MEMLIB,high,toolchain_lib,7,3,1,"Toolchain SDK: remquol"
0x020675DA,10,cache_flushinv_range_call,BT,inferred,locality,3,4,1,"Inferred from neighboring translation unit (BT)"
0x020675E4,28,ldbl_ram_op_store,MATHLIB,high,fm1_sig,8,1,1,"(subsystem inferred by address locality; not individually analysed)"
0x02067600,18,remquol,MEMLIB,high,toolchain_lib,7,2,1,"Toolchain SDK: remquol"
0x02067612,10,cache_flushinv_range_call,BT,inferred,locality,3,4,1,"Inferred from neighboring translation unit (BT)"
0x0206761C,24,svc_request_cmd_0x408,BT,inferred,locality,6,1,1,"Inferred from neighboring translation unit (BT)"
0x02067634,18,remquol,MEMLIB,high,toolchain_lib,7,7,1,"Toolchain SDK: remquol"
0x02067646,10,cache_flushinv_range_call,BT,inferred,locality,3,2,1,"Inferred from neighboring translation unit (BT)"
0x02067650,30,ldbl_thunk_args4,MATHLIB,high,fm1_sig,13,2,1,"(subsystem inferred by address locality; not individually analysed)"
0x0206766E,22,fmal,MEMLIB,high,toolchain_lib,9,2,1,"Toolchain SDK: fmal"
0x02067684,14,bt_hci_send_op2,MATHLIB,high,fm1_sig,6,1,1,"(subsystem inferred by address locality; not individually analysed)"
0x02067692,14,bt_state_pair_set12,MATHLIB,high,fm1_sig,5,1,0,"(subsystem inferred by address locality; not individually analysed)"
0x020676A0,90,bt_stack_dev_init,MATHLIB,high,fm1_sig,27,1,6,"(subsystem inferred by address locality; not individually analysed)"
0x020676FA,538,btctrler_task_main,MATHLIB,high,fm1_sig,169,3,37,"(subsystem inferred by address locality; not individually analysed)"
0x02067914,112,fn_02067914,BT,inferred,locality,49,11,3,"Inferred from neighboring translation unit (BT)"
0x02067984,282,bt_ll_dma_init,MATHLIB,high,fm1_sig,83,1,8,"(subsystem inferred by address locality; not individually analysed)"
0x02067A9E,24,bt_node_pool_alloc,MATHLIB,high,fm1_sig,10,8,1,"(subsystem inferred by address locality; not individually analysed)"
0x02067AB6,34,bt_chan_field_set,MATHLIB,high,fm1_sig,11,13,0,"(subsystem inferred by address locality; not individually analysed)"
0x02067AD8,308,bt_ll_tx_submit,MATHLIB,high,fm1_sig,106,1,5,"(subsystem inferred by address locality; not individually analysed)"
0x02067C0C,38,bt_dma_ptr_to_off,MATHLIB,high,fm1_sig,10,5,2,"(subsystem inferred by address locality; not individually analysed)"
0x02067C32,176,bt_ll_desc_fill,MATHLIB,high,fm1_sig,75,10,2,"(subsystem inferred by address locality; not individually analysed)"
0x02067CE2,264,bt_ll_channel_set,MATHLIB,high,fm1_sig,97,2,6,"(subsystem inferred by address locality; not individually analysed)"
0x02067DEA,338,bt_ll_channel_update,MATHLIB,high,fm1_sig,115,3,4,"(subsystem inferred by address locality; not individually analysed)"
0x02067F3C,12,bt_field_max_update,BT,high,fm1_sig,4,3,0,"(subsystem inferred by address locality; not individually analysed)"
0x02067F48,22,bt_dma_desc_index,BT,high,fm1_sig,8,9,0,"(subsystem inferred by address locality; not individually analysed)"
0x02067F5E,114,bt_ll_dma_cmd_send,BT,high,fm1_sig,40,20,1,"(subsystem inferred by address locality; not individually analysed)"
0x02067FD0,116,bt_ll_dma_cmd_send_addr,BT,high,fm1_sig,40,31,1,"(subsystem inferred by address locality; not individually analysed)"
0x02068044,40,bt_ll_config_push,BT,high,fm1_sig,15,2,2,"(subsystem inferred by address locality; not individually analysed)"
0x0206806C,146,bt_ll_config_push_if_dirty,BT,high,fm1_sig,50,3,1,"(subsystem inferred by address locality; not individually analysed)"
0x020680FE,134,bt_ll_tx_enqueue,BT,high,fm1_sig,45,3,10,"(subsystem inferred by address locality; not individually analysed)"
0x02068184,68,bt_dev_addr_set_a,BT,high,fm1_sig,27,1,0,"(subsystem inferred by address locality; not individually analysed)"
0x020681C8,62,bt_dev_addr_set_b,BT,high,fm1_sig,24,2,0,"(subsystem inferred by address locality; not individually analysed)"
0x02068206,32,bt_ll_reg_push_seq,BT,high,fm1_sig,12,2,1,"(subsystem inferred by address locality; not individually analysed)"
0x02068226,20,ble_ll_link_param_store,BT,high,fm1_sig,6,6,0,"Store 32-bit LL param (split hi/lo halfwords at +34/+36) plus aux word into per-link connection context"
0x0206823A,188,ble_ll_set_host_chan_class,BT,high,fm1_sig,64,3,0,"BLE data channel-map processing: from 5-byte channel bitmap build used-channel (37-ch) remap tables in link ctx"
0x020682F6,66,ble_ll_prog_anchor_instant,BT,high,fm1_sig,26,3,5,"Program LL radio timing/window register pair (zero regs 0/7/14 then write count-1 low/high|0x8000)"
0x02068338,22,ble_ll_read_native_clock,BT,high,fm1_sig,8,2,1,"Read current radio clock (0x72d62) and compute two connection-event timing anchors (t and t-3750)"
0x0206834E,100,ble_ll_align_anchor,BT,high,fm1_sig,36,2,2,"Convert microsecond anchor into slot count + fine offset vs current radio counter and program event timing regs"
0x020683B2,32,ble_ll_read_anchor_instant,BT,high,fm1_sig,13,2,2,"Read LL hardware event/slot counter (reg0 low16 | reg14 bits16-23  +1)"
0x020683D2,194,ble_ll_next_event_calc,BT,high,fm1_sig,63,5,3,"Compute elapsed/remaining time (us) relative to connection-event anchor from radio slot & fine counters"
0x02068494,36,ble_ll_set_state_field,BT,high,fm1_sig,15,7,1,"Set radio PDU type/len/channel: store fields at link+338 and write packed controller register 2"
0x020684B8,22,ble_ll_hw_field4_set,BT,high,fm1_sig,8,2,1,"Enable/trigger a radio window: write controller reg4 with enable bit 0x8000 (no-op if arg zero)"
0x020684CE,30,ble_ll_store_slot_time,BT,high,fm1_sig,9,2,0,"Split a microsecond value into slot count (+72) and fine offset|type 0x5000 (+74) in link ctx"
0x020684EC,12,_atoi_r,MEMLIB,high,toolchain_lib,5,2,1,"Toolchain SDK: _atoi_r"
0x020684F8,50,ble_ll_set_link_interval,BT,high,fm1_sig,19,5,2,"Program 32-bit timing value into controller regs 1/15 (low16 + flag<<15|high)  cache to link+356"
0x0206852A,1444,ble_ll_ioctl_dispatch,BT,high,fm1_sig,529,48,40,"BLE LL control dispatcher: jump-table on opcode 0..23 applying channel-map/addr/window/timing fields and programming radio"
0x02068ACE,26,ble_ll_hw_clear_fields,BT,high,fm1_sig,11,2,1,"Reset a link's controller register bank: write 17 indexed hardware registers to zero"
0x02068AE8,68,ble_ll_link_entry_alloc,BT,high,fm1_sig,25,1,3,"Allocate a free link slot: find empty handle entry  zero its 28-byte context and clear its register bank"
0x02068B2C,88,ble_ll_conn_struct_alloc,BT,high,fm1_sig,28,1,3,"Allocate a large (616-byte) per-connection LL state buffer from a pool  memset it and mark in-use"
0x02068B84,26,ble_ll_link_map_set,BT,high,fm1_sig,9,1,1,"Register a link into the controller handle table: compute radio value and store with active bit 0x8000"
0x02068B9E,12,_atoi_r,MEMLIB,high,toolchain_lib,5,2,1,"Toolchain SDK: _atoi_r"
0x02068BAA,206,ble_ll_hw_link_enable,BT,high,fm1_sig,74,2,0,"Critical-section: enable/disable a link's radio-event trigger/interrupt bits (bit-per-link) at controller 0x28028"
0x02068C78,30,ble_ll_hw_link_stop,BT,high,fm1_sig,11,3,3,"Stop a link's radio activity: clear reg14  spin until controller idle (0x28038 bit1)  disable its event trigger"
0x02068C96,18,ble_ll_link_reset,BT,high,fm1_sig,7,1,1,"Disable a connection: clear link state byte (+338) and stop its radio activity"
0x02068CA8,366,ble_ll_conn_create,BT,high,fm1_sig,129,4,7,"Create/initialize a BLE link (connection) context: allocate ctx+buffer  set default LL/radio params  init event list"
0x02068E16,10,ble_ll_set_event_handler,BT,high,fm1_sig,3,5,0,"Register per-link event callback fn (+472) and context arg (+476)"
0x02068E20,64,ble_ll_set_phy,BT,high,fm1_sig,24,1,1,"Select radio PHY/data-rate mode (1M/2M/coded) by writing rate bits in controller reg block"
0x02068E60,92,ble_ll_set_adv_chan_map,BT,high,fm1_sig,35,1,1,"Build hop/channel selection config from field bits and write controller register 6"
0x02068EBC,36,ble_ll_buf_alloc,BT,high,fm1_sig,10,7,3,"Allocate a radio TX packet buffer from pool (asserts non-null  aligned)"
0x02068EE0,24,ble_ll_buf_bind,BT,high,fm1_sig,9,6,1,"Compute and set radio TX/RX buffer address registers (+30/+32) for a link"
0x02068EF8,156,ble_ll_tx_pdu_build,BT,high,fm1_sig,61,2,1,"Assemble a BLE PDU descriptor by packet-type (jump 0..6): pack header  copy 6-byte address and payload via memmove"
0x02068F94,8,ble_ll_link_flag_clear,BT,high,fm1_sig,4,2,0,"Clear control bit 0x10 in link register +8 (disable a radio feature)"
0x02068F9C,36,ble_ll_register_event_cb,BT,high,fm1_sig,10,3,3,"Create/register a scheduler node (20-byte descriptor via 0x364e0) for the link  asserts success"
0x02068FC0,14,log2f,MEMLIB,high,toolchain_lib,5,1,2,"Toolchain SDK: log2f"
0x02068FCE,18,ble_ll_link_start_at_instant,BT,high,fm1_sig,8,3,2,"Start a connection event: enable link trigger then program its radio timing/window"
0x02068FE0,50,ble_ll_hw_slot_scan,BT,high,fm1_sig,18,3,0,"Poll controller 0x28028 status across 8 links; return 1 if any radio event active/pending else 0"
0x02069012,26,ble_ll_link_deactivate,BT,high,fm1_sig,10,1,1,"Request link stop: if state byte (+339) not already 3  set to 1 and disable link radio"
0x0206902C,24,ble_ll_link_activate,BT,high,fm1_sig,10,2,0,"Activate link: if state byte (+339) not 2  set to 2 and start its connection event"
0x02069044,36,ble_ll_program_event_timing,BT,high,fm1_sig,13,3,2,"Program connection window offset and interval timing (scale args by 625us into controller regs)"
0x02069068,32,ble_ll_pdu_field_clamp,BT,high,fm1_sig,11,2,1,"Read config/NVM param index 22 and clamp to [1 8] (e.g. retransmit/window count)"
0x02069088,124,ble_ll_conn_update_apply,BT,high,fm1_sig,43,2,1,"Advance connection-event counter from elapsed us  update per-link sub-counters and invoke event callback"
0x02069104,646,ble_ll_scheduler_run,BT,high,fm1_sig,203,3,11,"BLE connection-event scheduler (critical section): iterate 8 links by state  compute earliest next anchor and program radio"
0x0206938A,408,ble_ll_adv_start,BT,high,fm1_sig,143,1,19,"Set up advertising/connection event: program access addr 0x555555 & CRC  build PDU  alloc TX/RX buffers  start radio"
0x02069522,22,link_buf_obj_free,BT,high,fm1_sig,7,1,1,"Free the sub-object referenced at [+232] and clear the pointer"
0x02069538,14,usb_dev_flag_clear,BT,high,fm1_sig,5,1,0,"Clear a status/flag byte at object offset +612 when pointer is non-null"
0x02069546,444,usb_iso_sof_schedule,BT,high,fm1_sig,153,1,2,"Scan 8-entry ACL link table under spinlock and recompute connection slot/interval timing (625us math)"
0x02069702,262,usb_iso_ep_advance,BT,high,fm1_sig,91,2,3,"Build/sort active-link schedule list and pick next connection anchor by slot priority"
0x02069808,652,usb_ep_close,BT,high,fm1_sig,211,5,20,"Tear down a BT ACL link: free channel queues/buffers  clear link-controller regs  remove table slot"
0x02069A94,40,usb_ep_window_set,BT,high,fm1_sig,15,2,0,"Configure flow-control window fields (+598..+602) for a link data channel"
0x02069ABC,28,usb_ep_mode_flag_set,BT,high,fm1_sig,9,1,0,"Set/clear bit3 of channel control field +60 based on role/mode selector"
0x02069AD8,26,usb_ep_flag_update,BT,high,fm1_sig,11,2,0,"Set or clear bit 0x100 of channel flags +6 depending on flag arg and +488 state"
0x02069AF2,14,usb_sie_write_reg6,BT,high,fm1_sig,5,3,1,"Write link-controller register field #6 with value OR'd with 0x2100 flags"
0x02069B00,68,usb_ep_desc_fill,BT,high,fm1_sig,25,2,0,"Build small link PDU/descriptor (mode 3): set header  copy 6-byte BD_ADDR into payload"
0x02069B44,184,usb_ep_configure,BT,high,fm1_sig,76,1,18,"Initialize a BT link channel pair: alloc buffers  set windows/flags  build address PDUs  arm channels"
0x02069BFC,106,usb_ep_open,BT,high,fm1_sig,43,1,4,"Add/start a link channel role wrapper: init channel then register callback or connect based on link count"
0x02069C66,92,usb_ep_desc_fill_alt,BT,high,fm1_sig,37,2,0,"Build larger link PDU/descriptor (mode 5  34B): copy address plus data fields from config block"
0x02069CC2,276,usb_ep_configure_iso,BT,high,fm1_sig,103,1,21,"Set up BT link channels for a role/mode: alloc buffers  build PDUs (via 0x608e6)  config windows and callbacks"
0x02069DD6,96,usb_device_shutdown,BT,high,fm1_sig,31,1,4,"Full BT link-manager shutdown: tear down all 8 links  free host buffers  clear global connection table"
0x02069E36,128,usb_ep_tx_submit,BT,high,fm1_sig,43,1,10,"Enqueue an outgoing data PDU (<256B) onto a link channel list and signal the link"
0x02069EB6,268,usb_ctrl_data_stage,BT,high,fm1_sig,95,1,5,"Parse/validate an incoming framed packet: build header from BD_ADDR  encode  compare CRC/checksum"
0x02069FC2,62,usb_urb_dispatch,BT,high,fm1_sig,22,4,3,"Dequeue a received packet  validate it  dispatch to handler callback  then release/free the buffer"
0x0206A000,30,usb_timer_read_fixed_ms,BT,high,fm1_sig,9,2,0,"Compute clock-drift/resample ratio (Q20  /24000) from a clock offset and store at stream +304"
0x0206A01E,36,usb_ep_record_append,BT,high,fm1_sig,12,2,1,"Copy payload into a PDU descriptor for eligible channel modes (mode mask 0x45)"
0x0206A042,1146,usb_dev_sie_isr,BT,high,fm1_sig,380,5,25,"Link register-field accessor plus BT baseband ISR: per-connection state machine  retransmit  slot/role timers"
0x0206A4BC,100,usb_ep_fifo_setup,BT,high,fm1_sig,39,3,2,"Allocate/configure a link data-channel slot (buffer + list head) for index 0/1  return success"
0x0206A520,44,usb_ep_param_check,BT,high,fm1_sig,16,2,1,"Derive pseudo-random offset (mod window at +454) and store link anchor param at +458"
0x0206A54C,1372,usb_iso_ep_service,BT,high,fm1_sig,446,0,18,"Build per-connection TX descriptor and advance link role state machine; includes second connection-scan ISR"
0x0206AAA8,20,usb_frame_reg3_read,BT,high,fm1_sig,7,3,1,"Read link-controller register field #3 minus one  return low 16 bits"
0x0206AABC,12,usb_frame_reg5_read,BT,high,fm1_sig,5,3,1,"Read link-controller register field #5  return low 16 bits"
0x0206AAC8,14,usb_frame_reg9_read,BT,high,fm1_sig,5,3,1,"Read link-controller register field #9  extract 9-bit value at bit 7"
0x0206AAD6,44,usb_sof_count_check,BT,high,fm1_sig,17,3,1,"Check link active/valid state (fields +342/+343) and read counter via field #9"
0x0206AB02,1070,fn_0206AB02,BT,inferred,locality,368,0,36,"Inferred from neighboring translation unit (BT)"
0x0206AF30,282,dev_service_init,BT,high,fm1_sig,89,1,11,"Initialize BT link-manager: alloc control block + 512B buffer  init lists  register framework callbacks"
0x0206B04A,44,dev_node_find_by_id,BT,high,fm1_sig,15,19,0,"Search link-manager object list for node whose key (+196) matches  return container (node-52)"
0x0206B076,22,flag_test_and_set,BT,high,fm1_sig,8,2,0,"Try-claim object: test-and-set bit0 of field +196  return 1 if newly acquired"
0x0206B08C,94,dev_msg_post,BT,high,fm1_sig,33,2,5,"Register a named handler/work item (bounded name copy via snprintf) and post it to the queue"
0x0206B0EA,98,dev_msg_post_ex,BT,high,fm1_sig,35,11,5,"Register/post a named handler variant with different arg layout via 0x5ed7e"
0x0206B14C,46,dev_msg_post_fn,BT,high,fm1_sig,16,1,1,"Post a fixed command/message (type 5) with a constant string arg to the subsystem queue"
0x0206B17A,138,hw_crypto_block_op,BT,high,fm1_sig,53,1,6,"Recompute/apply looked-up connection's channel/security params (8-byte hash  16-byte key) then post update"
0x0206B204,22,link_buf_obj_free,BT,high,fm1_sig,7,6,1,"Free the sub-object referenced at [+232] and clear the pointer"
0x0206B21A,166,dev_event_post,BT,high,fm1_sig,54,6,7,"Build and post a host event/notification message (opcode 0x3E) if feature bit enabled"
0x0206B2C0,82,dev_event_report,BT,high,fm1_sig,30,3,3,"Assemble status params (switch on type 0..3) and post a notification via 0x61e9a"
0x0206B312,136,bt_work_item_enqueue,BT,high,fm1_sig,44,5,4,"Alloc a 16-byte work node  store two callback params  link it into a link object's list under a spinlock"
0x0206B39A,136,bt_work_item_enqueue,BT,high,fm1_sig,44,3,4,"Alloc a 16-byte work node  store two callback params  link it into a link object's list under a spinlock"
0x0206B422,62,ble_link_proc_report,BT,high,fm1_sig,21,1,3,"Post a status/notification command PDU for a connection  selecting report code by type (0 or 3)"
0x0206B460,102,ble_link_event_report,BT,high,fm1_sig,34,1,3,"Log/report a connection event  code chosen via jump table on type; guarded by a global enable flag"
0x0206B4C6,74,ble_link_event_report2,BT,high,fm1_sig,24,1,3,"Log/report a connection event (variant)  code chosen via jump table on type"
0x0206B510,64,ble_link_state_set_disconnect,BT,high,fm1_sig,21,7,2,"Set a link's state byte to 8 (disconnecting)  touch controller object  and log the transition"
0x0206B550,390,ble_link_proc_step_dispatch,BT,high,fm1_sig,133,2,19,"Per-connection procedure-step dispatcher: walk the step table and invoke the matching per-step handler"
0x0206B6D6,158,ble_link_proc_event_match,BT,high,fm1_sig,55,4,4,"Match an incoming event code against expected step  free the step node  and advance the state machine"
0x0206B774,960,ble_link_proc_engine,BT,high,fm1_sig,293,4,16,"Main per-connection procedure engine: decode event  compute connection params/timing  build response PDUs"
0x0206BB34,42,ble_link_proc_queue,BT,high,fm1_sig,16,5,1,"Enqueue an event descriptor into a link's slot array (max 4) and trigger procedure processing"
0x0206BB5E,64,ble_link_timeout_restart,BT,high,fm1_sig,18,3,5,"Restart a per-connection timeout timer (~40s) with its callback  freeing any prior timer"
0x0206BB9E,634,ble_link_cmd_dispatch,BT,high,fm1_sig,202,3,21,"Top-level BLE command handler: dispatch by opcode  copy request params into the link object  enqueue procedures"
0x0206BE18,40,ble_initiator_mgr_get,BT,high,fm1_sig,12,4,3,"Lazily allocate the 32-byte connection-initiator manager singleton at 0x1c09c44"
0x0206BE40,36,ble_adv_config_store,BT,high,fm1_sig,14,1,1,"Store a 15-byte advertising config block into the manager buffer if not already initialized"
0x0206BE64,66,ble_adv_data_set2,BT,high,fm1_sig,25,1,3,"Set advertising name/data string #2 (buffer 0x1c0c39e via memmove) and notify listener (code 22)"
0x0206BEA6,66,ble_adv_data_set2,BT,high,fm1_sig,25,1,3,"Set advertising name/data string #2 (buffer 0x1c0c39e via memmove) and notify listener (code 22)"
0x0206BEE8,102,ble_adv_record_post,BT,high,fm1_sig,35,1,4,"Assemble an advertising/scan-response record from stored config and post it"
0x0206BF4E,40,ble_addr_record_fill,BT,high,fm1_sig,17,1,0,"Fill a record with a 6-byte template selected by type index (0-3) from a data table"
0x0206BF76,26,ble_adv_record_build_post,BT,high,fm1_sig,11,3,2,"Build a type-templated advertising record and post it (event code 2)"
0x0206BF90,328,ble_adv_start,BT,high,fm1_sig,105,2,9,"Configure and start BLE advertising: build adv params by mode  assemble records  arm a timer"
0x0206C0D8,82,ble_adv_init,BT,high,fm1_sig,29,1,5,"Initialize the advertising subsystem: create and init the instance object  then start advertising"
0x0206C12A,68,ble_adv_deinit,BT,high,fm1_sig,23,4,4,"Stop advertising: disconnect its link and free the instance and manager buffers"
0x0206C16E,40,ble_initiator_mgr_get,BT,high,fm1_sig,12,2,3,"Lazily allocate the 32-byte connection-initiator manager singleton at 0x1c09c44"
0x0206C196,174,ble_connect_start,BT,high,fm1_sig,63,1,6,"Initiate a BLE connection: create a link object  copy target address/params  start the connect procedure"
0x0206C244,72,ble_connect_stop,BT,high,fm1_sig,24,2,4,"Tear down the connection-initiator: disconnect and free all its links and the manager object"
0x0206C28C,52,ble_bond_find_by_addr,BT,high,fm1_sig,18,5,1,"Find a stored device node in the bond/whitelist list by matching 6-byte address plus type byte"
0x0206C2C0,64,ble_addr_bit_diversity,BT,high,fm1_sig,24,2,0,"Count differing bits between two byte arrays over N bits (BLE address validation helper)"
0x0206C300,580,ble_random_addr_generate,BT,high,fm1_sig,203,1,8,"Validate a BLE address (bit-count rules)  compute connection params  start directed advertising/connection"
0x0206C544,90,ble_directed_init,BT,high,fm1_sig,32,1,5,"Initialize the directed-connection manager: alloc 52-byte object  copy 25-byte params  and start it"
0x0206C59E,52,ble_directed_deinit,BT,high,fm1_sig,18,3,3,"Tear down the directed-connection manager: disconnect link and free its objects"
0x0206C5D2,22,link_buf_obj_free,BT,high,fm1_sig,7,2,1,"Free the sub-object referenced at [+232] and clear the pointer"
0x0206C5E8,454,ble_link_free,BT,high,fm1_sig,142,2,13,"Fully tear down a link object under lock: free all four linked lists  timers  and controller slot"
0x0206C7AE,84,ble_link_release,BT,high,fm1_sig,26,2,5,"Release/close a link: clear globals  flush its queue  free node  and run full teardown"
0x0206C802,134,ble_module_deinit,BT,high,fm1_sig,40,2,11,"Full BLE module deinit: stop advertising/connect/directed  release every link  free controller state"
0x0206C888,280,ble_link_data_send,BT,high,fm1_sig,91,1,9,"Send data on a link: look up by handle  fragment payload into PDUs and enqueue on tx queue under lock"
0x0206C9A0,230,ble_link_init,BT,high,fm1_sig,76,2,6,"Initialize a new link object: allocate a free controller slot  set default connection params  register it"
0x0206CA86,50,ble_link_timer_create,BT,high,fm1_sig,14,2,4,"Create and register a per-connection timer (callback 0x2064014) at object offset 336"
0x0206CAB8,160,ble_link_addr_report,BT,high,fm1_sig,55,2,3,"Format a connection's ID/address as a hex string and enqueue a report/name command PDU (opcode 0x3e)"
0x0206CB58,142,ble_link_event_handler,BT,high,fm1_sig,47,1,8,"Connection/link event callback: on connect init link+timer and emit report; on disconnect clean up"
0x0206CBE6,58,ble_conn_timing_compute,BT,high,fm1_sig,19,2,0,"Compute a connection timing parameter (interval/timeout) from stored fields into offset 22"
0x0206CC20,176,ble_link_create,BT,high,fm1_sig,65,2,5,"Construct a new BLE profile/link object (416B): copy params  init list heads  register (enqueue event 6)"
0x0206CCD0,96,ble_rx_pkt_complete,BT,high,fm1_sig,37,2,3,"Release/complete a received app-protocol packet: mutex-unlock  flag-check  recursive free  unpack 3 header bytes into device struct"
0x0206CD30,218,ble_work_node_register,BT,high,fm1_sig,70,1,9,"Register a deferred session work/callback node under per-CPU critical section  plus session-state reset helpers"
0x0206CE0A,2212,ble_link_state_machine,BT,high,fm1_sig,728,1,52,"Main session/connection state-machine update: advance state  walk listener lists and invoke callbacks  notify app over data channel"
0x0206D6AE,424,ble_subscribe_register,BT,high,fm1_sig,149,0,14,"Handle subscribe/register command: manage subscriber list node (alloc/add under lock)  ack via protocol send; incoming type dispatch + memcmp match"
0x0206D856,10,ble_dcb_hword_get,BT,high,fm1_sig,3,1,0,"Getter: return 16-bit capability field at 0x1C09C58+66"
0x0206D860,66,l2cap_tx_header_submit,BT,high,fm1_sig,27,2,0,"Marshal message header fields into a control block and write it to the app data-channel device (type 2)"
0x0206D8A2,30,ble_seq16_cmp,MISC,high,fm1_sig,11,2,0,"32-bit sequence-number equality/in-window compare with rollover tolerance (<=32766); return match flag"
0x0206D8C0,20,ble_ring_slot_pending,MISC,high,fm1_sig,8,2,0,"Check whether indexed resource slot [obj + idx*8 + 152] is unallocated; return boolean"
0x0206D8D4,76,ble_status_report,BT,high,fm1_sig,26,2,5,"Send patch/status notification packets (0x204EA34 format table) over the app protocol channel"
0x0206D920,92,ble_devinfo_response,BT,high,fm1_sig,29,2,7,"Send device-info response: unpack 4-byte identifier and conditionally emit payload packet"
0x0206D97C,1210,ble_gatt_cmd_dispatch,BT,high,fm1_sig,360,1,49,"Incoming command dispatcher (command-byte jump table): apply request to synth/patch device via ioctl and send responses"
0x0206DE36,272,ble_cmd_access_check,BT,high,fm1_sig,91,0,13,"Access/permission check for note or patch command (ACL mask)  sets gate flag global 0x1C0C36C"
0x0206DF46,562,ble_gatt_cmd_dispatch_ex,BT,high,fm1_sig,206,0,24,"Patch operator (re)load handler (marshal on/off + operator fields  notify via ioctl) plus second incoming command dispatcher"
0x0206E178,34,ble_peer_record_store,BT,high,fm1_sig,13,1,1,"Cache a 7-byte record into the session object  allocating/initializing the session if absent"
0x0206E19A,54,ble_aes128_crypt_record,BT,high,fm1_sig,22,2,1,"Marshal a 3-byte record through transform helper (0x36a70) into an output buffer for the protocol"
0x0206E1D0,96,ble_static_addr_from_uid,BT,high,fm1_sig,39,1,1,"Build a default 6-entry record from table 0x13B00  set flag bit  and marshal it via 0x64e1a"
0x0206E230,14,bt_bd_addr_save,BT,high,fm1_sig,5,1,0,"Copy 6-byte BD_ADDR into global BT buffer at RAM 0x1C09C66"
0x0206E23E,574,ble_stack_event_dispatch,BT,high,fm1_sig,201,1,19,"Top-level incoming app-message dispatcher: jump table on message type (0x131/0x132/0x406/ranges)  decode and route to sub-handlers"
0x0206E47C,42,l2cap_acl_data_send,BT,high,fm1_sig,14,1,3,"Parse two big-endian fields from a message and dispatch to handler 0x63508"
0x0206E4A6,24,ble_features_init,BT,high,fm1_sig,5,1,0,"Initialize device capability/feature bitmask (2 constants) at 0x1C09C58"
0x0206E4BE,12,ble_dcb_hword_get,BT,high,fm1_sig,3,1,0,"Getter: return 16-bit capability field at 0x1C09C58+66"
0x0206E4CA,12,ble_dcb_byte_get,BT,high,fm1_sig,3,1,0,"Getter: return byte field at 0x1C09C58+64"
0x0206E4D6,50,ble_get_own_addr,BT,high,fm1_sig,18,1,0,"Select one of two stored 6-byte addresses by config mode (0x1C09D04) and copy to caller  returning mode flag"
0x0206E508,14,bt_bd_addr_save,BT,high,fm1_sig,5,3,0,"Copy 6-byte BD_ADDR into global BT buffer at RAM 0x1C09C66"
0x0206E516,50,hci_le_conn_update,BT,high,fm1_sig,19,2,1,"Build and send app-protocol message 0x2012 with 8-argument payload"
0x0206E548,12,ble_buffer_free,MEMLIB,high,fm1_sig,4,4,1,"Free a message buffer: back up 16 bytes to the allocation header and call free (0x369cc)"
0x0206E554,24,obj_request_cmd_0x42e,BT,inferred,locality,7,1,1,"Inferred from neighboring translation unit (BT)"
0x0206E56C,94,hci_le_set_adv_params,BT,high,fm1_sig,30,1,1,"Build and send app-protocol message 0x2006 with bit-packed 6-argument payload (uses config byte 0x1C09D04)"
0x0206E5CA,80,hci_le_set_adv_data,BT,high,fm1_sig,28,1,2,"Build (memmove-staged) and send app-protocol message 0x2008 with 10-argument payload"
0x0206E61A,130,hci_le_set_scan_rsp_data,BT,high,fm1_sig,53,1,2,"Build and send app-protocol message 0x2009 by scattering seven 4-byte fields from a struct"
0x0206E69C,34,hci_disconnect,BT,high,fm1_sig,12,1,1,"Send app-protocol message 0x0406/1030 with 3-argument payload"
0x0206E6BE,64,ble_peer_addr_cache,BT,high,fm1_sig,19,1,1,"Assemble a 7-byte record (with config mode byte) and cache it via 0x64df8"
0x0206E6FE,34,hci_disconnect,BT,high,fm1_sig,12,2,1,"Send app-protocol message 0x0406/1030 with 3-argument payload"
0x0206E720,192,hci_le_create_connection,BT,high,fm1_sig,71,1,1,"Build a 25-byte descriptor at 0x1C0C2E8 with bit-packing/byte-swap and send message 0x200C"
0x0206E7E0,36,hci_le_create_connection_raw,BT,high,fm1_sig,11,1,1,"Copy a 25-byte descriptor to 0x1C0C2E8 and send message 0x200C"
0x0206E804,22,setlinebuf,MEMLIB,high,toolchain_lib,6,1,1,"Toolchain SDK: setlinebuf"
0x0206E81A,34,hci_vendor_cmd_f884,BT,high,fm1_sig,11,1,1,"Send app-protocol message 0xF884 with 3-argument payload"
0x0206E83C,34,hci_vendor_cmd_f884,BT,high,fm1_sig,11,1,1,"Send app-protocol message 0xF884 with 3-argument payload"
0x0206E85E,116,hci_le_add_resolving_list,BT,high,fm1_sig,49,1,1,"Gather nine packed 4-byte fields and send app-protocol message 0x2016"
0x0206E8D2,22,setlinebuf,MEMLIB,high,toolchain_lib,6,1,1,"Toolchain SDK: setlinebuf"
0x0206E8E8,14,bt_bd_addr_save,BT,high,fm1_sig,5,1,0,"Copy 6-byte BD_ADDR into global BT buffer at RAM 0x1C09C66"
0x0206E8F6,24,obj_request_cmd_0x42e,BT,inferred,locality,7,2,1,"Inferred from neighboring translation unit (BT)"
0x0206E90E,56,bt_evt_rec_post_2018,BT,high,fm1_sig,21,2,1,"Pack connection params into global struct (0x1C0C2E8) and post BT event 0x2018"
0x0206E946,76,bt_evt_data_post_201a,BT,high,fm1_sig,31,1,2,"Copy connection fields to stack  post BT event 0x201a  then invoke handler 0x63482"
0x0206E992,34,bt_bd_addr_save_2,BT,high,fm1_sig,14,1,0,"Copy 6-byte BD_ADDR into global BT buffer at RAM 0x1C09C66"
0x0206E9B4,18,bt_state_flag_clr_bit2,BT,high,fm1_sig,5,1,0,"Clear flag bit (~0x4) in halfword at global+146 (conn state flag reset)"
0x0206E9C6,64,bredr_handle_by_addr,BT,high,fm1_sig,23,1,2,"Look up connection by 6-byte address via memcmp  return connection state byte"
0x0206EA06,38,bredr_link_find_by_handle,BT,high,fm1_sig,12,9,0,"Find connection slot by handle (+212) in 2-entry connection table 0x1C0C480"
0x0206EA2C,34,bredr_any_link_buf_pending,BT,high,fm1_sig,11,3,0,"Test whether any connection slot has active data pointer (+228 set)"
0x0206EA4E,40,bredr_link_tx_ready_len,BT,high,fm1_sig,15,1,2,"Return doubled queued-data depth for current active connection"
0x0206EA76,154,bredr_link_op_cancel_by_id,BT,high,fm1_sig,52,4,5,"Iterate connection table  tear down and notify entries matching given key"
0x0206EB10,68,bt_addr_evt_post_405,BT,high,fm1_sig,24,1,1,"Pack 6-byte BD_ADDR and post BT device/report event (msg id 1029)"
0x0206EB54,32,bt_clk_diff_wrap27,BT,high,fm1_sig,12,3,0,"Compute signed BT-clock difference with 27-bit wraparound adjustment"
0x0206EB74,232,bredr_link_deactivate,BT,high,fm1_sig,73,6,5,"Under lock  release/free a connection TX resource and unlink from lists"
0x0206EC5C,34,bt_cmd14_link_report,BT,high,fm1_sig,13,9,1,"Post connection event/trace record (id 20) with packed parameters"
0x0206EC7E,90,fn_0206EC7E,BT,inferred,locality,33,2,4,"Inferred from neighboring translation unit (BT)"
0x0206ECD8,48,bredr_link_tx_abort,BT,high,fm1_sig,18,2,2,"Mark connection RX/TX buffer flushed and notify link handler"
0x0206ED08,58,bredr_link_tx_kick,BT,high,fm1_sig,18,4,0,"Set flush flag (0x80) on connection buffer and log event"
0x0206ED42,42,bredr_frag_set_tx_clk,BT,high,fm1_sig,16,1,1,"Update connection anchor timestamp (+32) from BT clock read"
0x0206ED6C,136,bredr_txq_unlink_free,BT,high,fm1_sig,45,1,3,"Under lock  unlink a TX list node and dispatch to free/handler routine"
0x0206EDF4,244,bredr_link_tx_window_bytes,BT,high,fm1_sig,87,1,0,"Under lock  sum pending TX byte counts across connection packet lists"
0x0206EEE8,144,bredr_txq_ack_upto_seq,BT,high,fm1_sig,46,2,4,"Walk TX list  free acknowledged packets up to given sequence number"
0x0206EF78,292,bredr_link_tx_flush_seq,BT,high,fm1_sig,97,3,5,"Under lock  flush TX packets up to sequence number and free list nodes"
0x0206F09C,368,bredr_link_tx_dequeue,BT,high,fm1_sig,129,1,3,"Under lock  fetch next TX packet pointer and length for a connection"
0x0206F20C,24,bredr_link_destroy_seq,BT,high,fm1_sig,6,1,3,"Init sequence invoking link-layer setup routines (0x6f058/0x6f0e2/0x6f142)"
0x0206F224,112,bredr_link_sched_op8,BT,high,fm1_sig,38,1,1,"Under lock  read connection field (+8) and forward to handler 0x6f148"
0x0206F294,154,bredr_link_tx_inflight_count,BT,high,fm1_sig,56,1,2,"Under lock  count eligible TX packets in a connection's list"
0x0206F32E,246,bredr_tx_frag_arm,BT,high,fm1_sig,80,4,11,"Link/packet transmit-complete and flush handling for a connection"
0x0206F424,192,bredr_sched_advance_slot,BT,high,fm1_sig,68,3,6,"Compute connection scheduling anchor (clock modulo interval) for TX"
0x0206F4E4,372,bredr_link_sched_tick,BT,high,fm1_sig,122,2,15,"Connection event/state dispatcher: start/stop and flush TX per state"
0x0206F658,248,bredr_tx_slot_prepare,BT,high,fm1_sig,81,0,12,"Schedule/retransmit connection packet with timing  update TX queue"
0x0206F750,22,bt_sched_flag_set,BT,high,fm1_sig,8,6,0,"Set or clear bit0 of connection flag byte (+22) per argument"
0x0206F766,64,bredr_link_flow_ctrl_send,BT,high,fm1_sig,23,1,3,"Reset connection flags and re-init state (137=0x27)  log event"
0x0206F7A6,140,bredr_active_link_count,BT,high,fm1_sig,47,2,0,"Under lock  count active connections in 2-entry connection table"
0x0206F832,6,fn_0206F832,BT,inferred,locality,2,2,0,"Inferred from neighboring translation unit (BT)"
0x0206F838,88,bredr_link_txbuf_init,BT,high,fm1_sig,29,2,4,"Allocate and initialize 40-byte per-connection TX context structure"
0x0206F890,76,bredr_clk_slots_to_event,BT,high,fm1_sig,28,2,3,"Compute connection BT-clock phase (clock modulo interval)"
0x0206F8DC,100,bredr_sched_phase_align,BT,high,fm1_sig,37,2,4,"Compute wrapped BT-clock offset between two connections"
0x0206F940,294,bredr_link_sched_setup,BT,high,fm1_sig,95,2,8,"Configure periodic/scheduled connection transmission parameters"
0x0206FA66,16,setlinebuf,MEMLIB,high,toolchain_lib,6,2,1,"Toolchain SDK: setlinebuf"
0x0206FA76,182,link_dma_obj_close,BT,high,fm1_sig,63,5,3,"Tear down/close a BT channel object under IRQ lock: free timer id and buffer  reset state byte"
0x0206FB2C,22,link_trace_u16,BT,high,fm1_sig,7,3,1,"Thin debug-log wrapper emitting two event values via PDU/log helper"
0x0206FB42,24,link_seq_counter_next,BT,high,fm1_sig,9,5,0,"Allocate/advance rolling transaction/sequence id (1..11) from global counter"
0x0206FB5A,62,link_dma_obj_alloc,BT,high,fm1_sig,24,4,4,"Lazily malloc and init a 32-byte channel/session object with defaults; panic on OOM"
0x0206FB98,62,link_pktbuf_hdr_set,BT,high,fm1_sig,22,2,1,"Store 3-byte address plus flags into device struct and log the event"
0x0206FBD6,70,trng_fifo_read,MEMLIB,high,fm1_sig,27,3,1,"Fill destination buffer with repeated 4-byte pattern from a global (memset32-style)"
0x0206FC1C,8,_cleanup_r,MEMLIB,high,toolchain_lib,4,15,1,"Toolchain SDK: _cleanup_r"
0x0206FC24,36,byte_buf_reverse,MEMLIB,high,fm1_sig,15,27,0,"Reverse the bytes of a buffer in place"
0x0206FC48,216,link_clock_dma_sync,BT,high,fm1_sig,75,2,4,"Free stream ctx under IRQ lock  else compute media packet timing/BT clock and schedule next event"
0x0206FD20,20,setlinebuf,MEMLIB,high,toolchain_lib,6,3,1,"Toolchain SDK: setlinebuf"
0x0206FD34,164,link_session_open_pkt,BT,high,fm1_sig,54,6,5,"Arm/init a link media event: set flag bit  read BT clock  compute scheduled clock into link struct"
0x0206FDD8,82,link_state_notify,BT,high,fm1_sig,28,10,3,"Set channel error/disconnect state  log reason and post disconnect notification"
0x0206FE2A,34,link_trace_state,BT,high,fm1_sig,11,10,1,"Debug-log wrapper emitting a device-struct field with a param"
0x0206FE4C,44,link_any_session_active,BT,high,fm1_sig,15,2,0,"Scan device table (8 entries) for an active/connected link; return boolean"
0x0206FE78,48,link_warn_yield,BT,high,fm1_sig,17,4,2,"Log a channel event and reschedule/kick the BT task"
0x0206FEA8,80,link_key_material_send,BT,high,fm1_sig,27,2,2,"Copy address/name (4+12 bytes) into device struct and log the 24-byte record"
0x0206FEF8,52,link_dma_pair_alloc,BT,high,fm1_sig,19,4,3,"Lazily allocate and init a 20-byte sub-structure ([+236]) with default id fields; panic on OOM"
0x0206FF2C,150,link_dma_pair_free,BT,high,fm1_sig,50,6,3,"Free two timer/resource ids in a sub-structure and release it  under IRQ lock"
0x0206FFC2,186,link_key_frag_assemble,BT,high,fm1_sig,60,1,7,"Append 16 bytes to assembly buffer; when full  split/deinterleave halves  validate and byte-reverse"
0x0207007C,5918,fn_0207007C,BT,inferred,locality,1863,3,140,"Inferred from neighboring translation unit (BT)"
0x0207179A,34,link_trace_handle,BT,high,fm1_sig,11,3,1,"Debug-log wrapper emitting a struct field and a param"
0x020717BC,130,link_stream_start,BT,high,fm1_sig,42,4,5,"Begin operation: init sub-struct  read/round BT clock  log and enqueue message"
0x0207183E,168,link_stream_rearm,BT,high,fm1_sig,57,2,7,"Set up/connect a link: init sub-struct  log device info  read clock  compute rounded id  send PDU"
0x020718E6,38,link_module_ready_check,BT,high,fm1_sig,13,3,1,"Emit a one-shot log message only when a global flag is zero"
0x0207190C,28,aes_xor16,BT,high,fm1_sig,10,6,0,"XOR two 16-byte blocks into a third (link-key/security crypto step)"
0x02071928,122,link_auth_nonce_mix,BT,high,fm1_sig,44,1,7,"Security key handling: fill/XOR/copy 16-byte key blocks and mark ready flag"
0x020719A2,34,link_trace_key,BT,high,fm1_sig,11,4,1,"Debug-log wrapper emitting device-struct address/name fields"
0x020719C4,22,link_buf_obj_free,BT,high,fm1_sig,7,6,1,"Free the sub-object referenced at [+232] and clear the pointer"
0x020719DA,22,link_trace_open,BT,high,fm1_sig,6,5,1,"Debug-log wrapper emitting a device-struct record"
0x020719F0,220,link_auth_state_handler,BT,high,fm1_sig,83,2,7,"Connection event/state handler: dispatch states 25/26/35/37  do transitions and resource free"
0x02071ACC,96,link_auth_challenge_gen,BT,high,fm1_sig,33,2,6,"Initialize a media/config session: set defaults  fill and byte-reverse two buffer halves"
0x02071B2C,102,link_auth_ecdh_compute,BT,high,fm1_sig,33,2,1,"Build/format a bond/pairing info record from device struct and pass to formatter"
0x02071B92,52,link_auth_ecdh_run,BT,high,fm1_sig,19,1,3,"Format and log two device/bond records (via 0x687a2)"
0x02071BC6,152,link_auth_confirm_verify,BT,high,fm1_sig,56,2,2,"Compare a 16-byte link-key/record against input  build formatted struct  return equal flag"
0x02071C5E,30,link_trace_id,BT,high,fm1_sig,11,3,1,"Debug-log wrapper emitting a 16-bit value"
0x02071C7C,100,link_conn_state_handler,BT,high,fm1_sig,36,2,1,"State-transition table for link events (states 39/52/46/44)  sets next state/handler"
0x02071CE0,66,link_peer_count_sync,BT,high,fm1_sig,21,3,1,"Broadcast a value to all other active device-table entries and log each"
0x02071D22,26,link_trace_peer,BT,high,fm1_sig,9,3,1,"Debug-log wrapper emitting a param at fixed level"
0x02071D3C,570,link_handshake_handler,BT,high,fm1_sig,204,2,19,"BT link connection state machine: handle connect/config opcodes  alloc link context  log transitions"
0x02071F76,38,link_disconnect,BT,high,fm1_sig,13,1,4,"Teardown/notify helper: flush link  broadcast state to other links and log  then finalize"
0x02071F9C,1006,ui_arp_param_edit_handler,BT,high,fm1_sig,337,2,19,"(subsystem inferred by address locality; not individually analysed)"
0x0207238A,230,ui_pattern_clear_handler,BT,high,fm1_sig,80,2,11,"(subsystem inferred by address locality; not individually analysed)"
0x02072470,104,ui_param_value_redraw,BT,high,fm1_sig,36,3,5,"(subsystem inferred by address locality; not individually analysed)"
0x020724D8,2346,ui_menu_event_dispatch,BT,high,fm1_sig,749,1,65,"(subsystem inferred by address locality; not individually analysed)"
0x02072E02,26,ui_element_buf_free,BT,inferred,locality,10,2,1,"Inferred from neighboring translation unit (BT)"
0x02072E1C,146,ui_window_close,BT,inferred,locality,53,2,8,"Inferred from neighboring translation unit (BT)"
0x02072EAE,24,setlinebuf,MEMLIB,high,toolchain_lib,6,2,1,"Toolchain SDK: setlinebuf"
0x02072EC6,38,ui_devid_element_post,BT,inferred,locality,13,2,1,"Inferred from neighboring translation unit (BT)"
0x02072EEC,46,ui_flag_sync_post,BT,inferred,locality,13,3,1,"Inferred from neighboring translation unit (BT)"
0x02072F1A,40,ui_battery_voltage_post,BT,inferred,locality,10,2,1,"Inferred from neighboring translation unit (BT)"
0x02072F42,466,ui_preset_save_handler,BT,inferred,locality,162,1,21,"Inferred from neighboring translation unit (BT)"
0x02073114,36,ui_preset_cleared_post,BT,inferred,locality,13,2,2,"Inferred from neighboring translation unit (BT)"
0x02073138,28,ui_static_element_post,BT,inferred,locality,10,2,1,"Inferred from neighboring translation unit (BT)"
0x02073154,2808,fn_02073154,BT,inferred,locality,890,1,73,"Inferred from neighboring translation unit (BT)"
0x02073C4C,328,ui_tick_irq_reschedule,BT,inferred,locality,111,0,9,"Inferred from neighboring translation unit (BT)"
0x02073D94,504,chip_uid_scramble_transform,BT,inferred,locality,168,7,5,"Inferred from neighboring translation unit (BT)"
0x02073F8C,146,ui_sub_page_event_handler,BT,inferred,locality,55,1,5,"Inferred from neighboring translation unit (BT)"
0x0207401E,58,ui_elements_invoke_handler,BT,inferred,locality,24,2,0,"Inferred from neighboring translation unit (BT)"
0x02074058,318,ui_window_msg_queue_process,BT,inferred,locality,111,2,3,"Inferred from neighboring translation unit (BT)"
0x02074196,508,ui_window_element_flush,BT,inferred,locality,170,2,10,"Inferred from neighboring translation unit (BT)"
0x02074392,912,ui_windows_tick_all,BT,inferred,locality,294,2,27,"Inferred from neighboring translation unit (BT)"
0x02074722,134,ui_all_windows_idle,BT,inferred,locality,43,1,6,"Inferred from neighboring translation unit (BT)"
0x020747A8,96,dev_status_notify,BT,inferred,locality,33,1,3,"Inferred from neighboring translation unit (BT)"
0x02074808,62,dev_status_timer_restart,BT,inferred,locality,20,1,3,"Inferred from neighboring translation unit (BT)"
0x02074846,28,ticks27_within_1s,BT,inferred,locality,9,3,0,"Inferred from neighboring translation unit (BT)"
0x02074862,218,ui_windows_drain_elements,BT,inferred,locality,71,1,2,"Inferred from neighboring translation unit (BT)"
0x0207493C,40,ui_window_pool_clear,BT,inferred,locality,12,1,1,"Inferred from neighboring translation unit (BT)"
0x02074964,1180,ui_window_create_dispatch,BT,inferred,locality,372,1,39,"Inferred from neighboring translation unit (BT)"
0x02074E00,48,dev_status_timer_stop,BT,inferred,locality,16,2,3,"Inferred from neighboring translation unit (BT)"
0x02074E30,150,dev_status_update_deferred,BT,inferred,locality,52,2,2,"Inferred from neighboring translation unit (BT)"
0x02074EC6,32,ui_msg_post_or_forward,BT,inferred,locality,13,2,3,"Inferred from neighboring translation unit (BT)"
0x02074EE6,524,app_msg_dispatch,BT,inferred,locality,163,1,18,"Inferred from neighboring translation unit (BT)"
0x020750F2,284,ui_window_msg_dispatch,BT,inferred,locality,98,1,7,"Inferred from neighboring translation unit (BT)"
0x0207520E,22,setlinebuf,MEMLIB,high,toolchain_lib,6,2,1,"Toolchain SDK: setlinebuf"
0x02075224,44,bt_addr_copy_checksum,BT,inferred,locality,15,2,0,"Inferred from neighboring translation unit (BT)"
0x02075250,12,dev_status_word_set,BT,inferred,locality,3,2,0,"Inferred from neighboring translation unit (BT)"
0x0207525C,74,dev_info_name_set,BT,inferred,locality,22,2,5,"Inferred from neighboring translation unit (BT)"
0x020752A6,48,app_mode_flag_set,BT,inferred,locality,14,1,0,"Inferred from neighboring translation unit (BT)"
0x020752D6,12,battery_voltage_raw_set,BT,inferred,locality,3,1,0,"Inferred from neighboring translation unit (BT)"
0x020752E2,12,battery_voltage_raw_set,BT,inferred,locality,3,1,0,"Inferred from neighboring translation unit (BT)"
0x020752EE,42,os_objpool_active_count,BT,inferred,locality,15,2,0,"Inferred from neighboring translation unit (BT)"
0x02075318,24,obj_request_cmd_0x42e,BT,inferred,locality,7,2,1,"Inferred from neighboring translation unit (BT)"
0x02075330,68,os_obj_find_by_tag,BT,inferred,locality,23,3,1,"Inferred from neighboring translation unit (BT)"
0x02075374,18,setlinebuf,MEMLIB,high,toolchain_lib,6,1,1,"Toolchain SDK: setlinebuf"
0x02075386,30,svc_request_cmd_0x42a,BT,inferred,locality,12,1,1,"Inferred from neighboring translation unit (BT)"
0x020753A4,18,svc_request_cmd_0x408,BT,inferred,locality,6,2,1,"Inferred from neighboring translation unit (BT)"
0x020753B6,42,svc_request_cmd_0x428,BT,inferred,locality,14,1,1,"Inferred from neighboring translation unit (BT)"
0x020753E0,18,setlinebuf,MEMLIB,high,toolchain_lib,6,1,1,"Toolchain SDK: setlinebuf"
0x020753F2,72,svc_request_cmd_0x40a,BT,inferred,locality,29,1,1,"Inferred from neighboring translation unit (BT)"
0x0207543A,16,_atoi_r,MEMLIB,high,toolchain_lib,5,1,1,"Toolchain SDK: _atoi_r"
0x0207544A,60,svc_request_cmd_0x40d,BT,inferred,locality,27,1,1,"Inferred from neighboring translation unit (BT)"
0x02075486,18,setlinebuf,MEMLIB,high,toolchain_lib,6,2,1,"Toolchain SDK: setlinebuf"
0x02075498,128,os_obj_field_set_locked,BT,inferred,locality,42,2,2,"Inferred from neighboring translation unit (BT)"
0x02075518,368,os_obj_msg_post,BT,inferred,locality,122,1,6,"Inferred from neighboring translation unit (BT)"
0x02075688,16,_atoi_r,MEMLIB,high,toolchain_lib,5,1,1,"Toolchain SDK: _atoi_r"
0x02075698,34,svc_request_cmd_0x802,BT,inferred,locality,14,1,1,"Inferred from neighboring translation unit (BT)"
0x020756BA,194,os_obj_deactivate_locked,BT,inferred,locality,67,1,3,"Inferred from neighboring translation unit (BT)"
0x0207577C,22,setlinebuf,MEMLIB,high,toolchain_lib,6,1,1,"Toolchain SDK: setlinebuf"
0x02075792,56,svc_request_cmd_0xcfe,BT,inferred,locality,19,1,1,"Inferred from neighboring translation unit (BT)"
0x020757CA,32,svc_request_cmd_0xcfa,BT,inferred,locality,12,1,2,"Inferred from neighboring translation unit (BT)"
0x020757EA,32,svc_request_cmd_0xcfa,BT,inferred,locality,12,1,2,"Inferred from neighboring translation unit (BT)"
0x0207580A,40,svc_request_cmd_0x401,BT,inferred,locality,12,1,1,"Inferred from neighboring translation unit (BT)"
0x02075832,24,obj_request_cmd_0x42e,BT,inferred,locality,7,4,1,"Inferred from neighboring translation unit (BT)"
0x0207584A,24,obj_request_cmd_0x42e,BT,inferred,locality,7,1,1,"Inferred from neighboring translation unit (BT)"
0x02075862,22,setlinebuf,MEMLIB,high,toolchain_lib,6,1,1,"Toolchain SDK: setlinebuf"
0x02075878,22,setlinebuf,MEMLIB,high,toolchain_lib,6,1,1,"Toolchain SDK: setlinebuf"
0x0207588E,552,svc_request_cmd_0xc3e,BT,inferred,locality,209,1,2,"Inferred from neighboring translation unit (BT)"
0x02075AB6,778,cipher_sbox_table_data,BT,inferred,locality,335,1,0,"Inferred from neighboring translation unit (BT)"
0x02075DC0,186,cipher_key_schedule,BT,inferred,locality,70,4,1,"Inferred from neighboring translation unit (BT)"
0x02075E7A,32,cipher_diffuse_bytes,BT,inferred,locality,13,4,0,"Inferred from neighboring translation unit (BT)"
0x02075E9A,122,cipher_permute16,BT,inferred,locality,42,3,0,"Inferred from neighboring translation unit (BT)"
0x02075F14,458,cipher_rounds_core,BT,inferred,locality,164,4,7,"Inferred from neighboring translation unit (BT)"
0x020760DE,550,cipher_cbc_crypt,BT,inferred,locality,170,2,24,"Inferred from neighboring translation unit (BT)"
0x02076304,36,cipher_crypt_len12,BT,inferred,locality,16,1,1,"Inferred from neighboring translation unit (BT)"
0x02076328,18,cipher_crypt_len6,BT,inferred,locality,8,1,1,"Inferred from neighboring translation unit (BT)"
0x0207633A,186,cipher_mac_final,BT,inferred,locality,72,1,6,"Inferred from neighboring translation unit (BT)"
0x020763F4,1292,fn_020763F4,BT,inferred,locality,287,1,6,"Inferred from neighboring translation unit (BT)"
0x02076900,674,ecc_param_table_data,MEMLIB,high,fm1_sig,215,0,1,"(subsystem inferred by address locality; not individually analysed)"
0x02076BA2,34,obj_flagfield_set,MEMLIB,high,fm1_sig,13,3,0,"(subsystem inferred by address locality; not individually analysed)"
0x02076BC4,42,obj_index_pair_set,MEMLIB,high,fm1_sig,17,2,0,"(subsystem inferred by address locality; not individually analysed)"
0x02076BEE,6,cache_flushinv_range_call,BT,inferred,locality,3,1,1,"Inferred from neighboring translation unit (BT)"
0x02076BF4,14,bredr_link_flags40_clear,MEMLIB,high,fm1_sig,7,2,0,"(subsystem inferred by address locality; not individually analysed)"
0x02076C02,48,bt_hw_irq_clear,MEMLIB,high,fm1_sig,13,19,0,"(subsystem inferred by address locality; not individually analysed)"
0x02076C32,58,bredr_link_index_from_ptr,MEMLIB,high,fm1_sig,21,2,0,"(subsystem inferred by address locality; not individually analysed)"
0x02076C6C,438,lmp_set_afh_channel_map,MEMLIB,high,fm1_sig,148,2,3,"(subsystem inferred by address locality; not individually analysed)"
0x02076E22,126,bredr_afh_reapply_link,MEMLIB,high,fm1_sig,42,1,2,"(subsystem inferred by address locality; not individually analysed)"
0x02076EA0,18,bt_clk_read_native,MEMLIB,high,fm1_sig,6,22,0,"(subsystem inferred by address locality; not individually analysed)"
0x02076EB2,56,bt_clk_add_offset,MEMLIB,high,fm1_sig,20,6,1,"(subsystem inferred by address locality; not individually analysed)"
0x02076EEA,16,hsearch,MEMLIB,high,toolchain_lib,8,11,1,"Toolchain SDK: hsearch"
0x02076EFA,60,bt_hw_channel_alloc,MEMLIB,high,fm1_sig,19,12,2,"(subsystem inferred by address locality; not individually analysed)"
0x02076F36,48,bt_hw_irq_install,MEMLIB,high,fm1_sig,16,3,0,"(subsystem inferred by address locality; not individually analysed)"
0x02076F66,22,bt_hw_timer_install,MEMLIB,high,fm1_sig,11,17,2,"(subsystem inferred by address locality; not individually analysed)"
0x02076F7C,180,lmp_afh_instant_cb,MEMLIB,high,fm1_sig,58,2,7,"(subsystem inferred by address locality; not individually analysed)"
0x02077030,70,bredr_sched_task_insert,MEMLIB,high,fm1_sig,23,3,3,"(subsystem inferred by address locality; not individually analysed)"
0x02077076,20,bredr_link_pending_clear,MEMLIB,high,fm1_sig,9,10,0,"(subsystem inferred by address locality; not individually analysed)"
0x0207708A,924,bredr_acl_tx_scheduler,MEMLIB,high,fm1_sig,305,3,12,"(subsystem inferred by address locality; not individually analysed)"
0x02077426,348,bredr_link_detach_cleanup,MEMLIB,high,fm1_sig,116,5,8,"(subsystem inferred by address locality; not individually analysed)"
0x02077582,24,bredr_sched_task_flag14,MEMLIB,high,fm1_sig,9,3,0,"(subsystem inferred by address locality; not individually analysed)"
0x0207759A,16,bredr_link_set_packet_types,MEMLIB,high,fm1_sig,5,1,0,"(subsystem inferred by address locality; not individually analysed)"
0x020775AA,26,bt_clk_store,MEMLIB,high,fm1_sig,8,18,0,"(subsystem inferred by address locality; not individually analysed)"
0x020775C4,64,bredr_sched_link_enable,MEMLIB,high,fm1_sig,22,5,0,"(subsystem inferred by address locality; not individually analysed)"
0x02077604,266,bredr_link_mode_apply,MEMLIB,high,fm1_sig,90,8,1,"(subsystem inferred by address locality; not individually analysed)"
0x0207770E,36,bredr_link_mode_set,BT,inferred,locality,10,9,1,"Inferred from neighboring translation unit (BT)"
0x02077732,276,bredr_sniff_anchor_update,BT,inferred,locality,91,2,2,"Inferred from neighboring translation unit (BT)"
0x02077846,30,bredr_link_flags_clear,BT,inferred,locality,12,17,1,"Inferred from neighboring translation unit (BT)"
0x02077864,40,bt_hw_timer_arm_at,BT,inferred,locality,13,6,1,"Inferred from neighboring translation unit (BT)"
0x0207788C,36,bredr_link_mode_check,BT,inferred,locality,11,9,0,"Inferred from neighboring translation unit (BT)"
0x020778B0,14,bt_clk_read_stored,BT,inferred,locality,4,2,0,"Inferred from neighboring translation unit (BT)"
0x020778BE,402,bredr_link_event_dispatch,BT,inferred,locality,137,7,3,"Inferred from neighboring translation unit (BT)"
0x02077A50,106,bredr_tx_power_set,BT,inferred,locality,39,10,2,"Inferred from neighboring translation unit (BT)"
0x02077ABA,1878,bredr_link_manager_tick,BT,inferred,locality,630,3,36,"Inferred from neighboring translation unit (BT)"
0x02078210,146,bredr_lm_scan_all_links,BT,inferred,locality,48,8,2,"Inferred from neighboring translation unit (BT)"
0x020782A2,176,bredr_links_idle_check,BT,inferred,locality,57,7,2,"Inferred from neighboring translation unit (BT)"
0x02078352,66,bredr_link_afh_state_free,BT,inferred,locality,20,7,2,"Inferred from neighboring translation unit (BT)"
0x02078394,80,bredr_pending_link_destroy,BT,inferred,locality,25,2,4,"Inferred from neighboring translation unit (BT)"
0x020783E4,6,cache_flushinv_range_call,BT,inferred,locality,3,2,1,"Inferred from neighboring translation unit (BT)"
0x020783EA,20,bt_hw_channel_release,BT,inferred,locality,5,3,0,"Inferred from neighboring translation unit (BT)"
0x020783FE,112,bredr_pending_op_complete,BT,inferred,locality,38,3,5,"Inferred from neighboring translation unit (BT)"
0x0207846E,10,__cxa_finalize,MEMLIB,high,toolchain_lib,5,3,1,"Toolchain SDK: __cxa_finalize"
0x02078478,86,bredr_pending_op_free3,BT,inferred,locality,27,3,4,"Inferred from neighboring translation unit (BT)"
0x020784CE,6,cache_flushinv_range_call,BT,inferred,locality,3,2,1,"Inferred from neighboring translation unit (BT)"
0x020784D4,12,bt_rxbuf_percent_set,BT,inferred,locality,4,1,1,"Inferred from neighboring translation unit (BT)"
0x020784E0,8,cache_flushinv_range_call,BT,inferred,locality,3,9,1,"Inferred from neighboring translation unit (BT)"
0x020784E8,170,btctrler_idle_query,BT,inferred,locality,59,3,2,"Inferred from neighboring translation unit (BT)"
0x02078592,52,bredr_timing_config_commit,BT,inferred,locality,16,1,2,"Inferred from neighboring translation unit (BT)"
0x020785C6,8,bt_link_flag_set,BT,inferred,locality,4,1,0,"Inferred from neighboring translation unit (BT)"
0x020785CE,30,bt_link_load_8bytes,BT,inferred,locality,12,3,0,"Inferred from neighboring translation unit (BT)"
0x020785EC,8,cache_flushinv_range_call,BT,inferred,locality,3,4,1,"Inferred from neighboring translation unit (BT)"
0x020785F4,52,bt_multi_link_active,BT,inferred,locality,19,6,0,"Inferred from neighboring translation unit (BT)"
0x02078628,92,bt_clkn_slot_delay,BT,inferred,locality,30,2,0,"Inferred from neighboring translation unit (BT)"
0x02078684,8,bt_link_flag_get,BT,inferred,locality,3,3,0,"Inferred from neighboring translation unit (BT)"
0x0207868C,8,bt_link_busy_set,BT,inferred,locality,3,1,0,"Inferred from neighboring translation unit (BT)"
0x02078694,114,bt_link_busy_clear_sched,BT,inferred,locality,38,1,1,"Inferred from neighboring translation unit (BT)"
0x02078706,8,bt_link_flags_read,BT,inferred,locality,3,3,0,"Inferred from neighboring translation unit (BT)"
0x0207870E,36,bredr_channel_disable,BT,inferred,locality,9,2,0,"Inferred from neighboring translation unit (BT)"
0x02078732,196,bredr_bufbase_program,BT,inferred,locality,60,6,3,"Inferred from neighboring translation unit (BT)"
0x020787F6,54,bredr_slottab_mode_set,BT,inferred,locality,18,2,0,"Inferred from neighboring translation unit (BT)"
0x0207882C,88,bredr_ram_window_setup,BT,inferred,locality,36,2,0,"Inferred from neighboring translation unit (BT)"
0x02078884,354,bt_link_channel_destroy,BT,inferred,locality,119,4,18,"Inferred from neighboring translation unit (BT)"
0x020789E6,96,bt_am_addr_pick,BT,inferred,locality,37,2,0,"Inferred from neighboring translation unit (BT)"
0x02078A46,26,bt_link_bufoffset_store,BT,inferred,locality,8,9,0,"Inferred from neighboring translation unit (BT)"
0x02078A60,16,bt_link_flags_write,BT,inferred,locality,6,7,0,"Inferred from neighboring translation unit (BT)"
0x02078A70,20,bt_link_cfg13_write,BT,inferred,locality,7,14,0,"Inferred from neighboring translation unit (BT)"
0x02078A84,32,bt_bytes_to_hwords6,BT,inferred,locality,13,10,0,"Inferred from neighboring translation unit (BT)"
0x02078AA4,26,bt_bytes_to_hwords5,BT,inferred,locality,11,10,0,"Inferred from neighboring translation unit (BT)"
0x02078ABE,32,bt_clkn_compare_arm,BT,inferred,locality,10,17,0,"Inferred from neighboring translation unit (BT)"
0x02078ADE,358,bt_piconet_link_init,BT,inferred,locality,125,2,14,"Inferred from neighboring translation unit (BT)"
0x02078C44,80,bt_link_channel_create,BT,inferred,locality,25,1,5,"Inferred from neighboring translation unit (BT)"
0x02078C94,48,bt_conn_id_alloc,BT,inferred,locality,16,3,0,"Inferred from neighboring translation unit (BT)"
0x02078CC4,160,bt_fhs_payload_build,BT,inferred,locality,61,4,1,"Inferred from neighboring translation unit (BT)"
0x02078D64,46,bt_piconet_bufptr_set,BT,inferred,locality,14,4,2,"Inferred from neighboring translation unit (BT)"
0x02078D92,510,bt_conn_create,BT,inferred,locality,162,1,21,"Inferred from neighboring translation unit (BT)"
0x02078F90,16,bt_bufslot_offset_map,BT,inferred,locality,6,2,0,"Inferred from neighboring translation unit (BT)"
0x02078FA0,252,bredr_scan_config_apply,BT,inferred,locality,91,2,2,"Inferred from neighboring translation unit (BT)"
0x0207909C,12,bt_rxbuf_percent_set,BT,inferred,locality,4,4,1,"Inferred from neighboring translation unit (BT)"
0x020790A8,524,bt_link_teardown,BT,inferred,locality,165,1,21,"Inferred from neighboring translation unit (BT)"
0x020792B4,52,bt_link_param_adjust,BT,inferred,locality,20,4,0,"Inferred from neighboring translation unit (BT)"
0x020792E8,52,bt_tx_power_set,BT,inferred,locality,16,2,2,"Inferred from neighboring translation unit (BT)"
0x0207931C,334,bt_piconet_block_alloc,BT,inferred,locality,105,3,3,"Inferred from neighboring translation unit (BT)"
0x0207946A,520,bredr_scan_enable,BT,inferred,locality,167,1,19,"Inferred from neighboring translation unit (BT)"
0x02079672,266,bt_bb_scan_obj_create,BT,inferred,locality,88,1,8,"Inferred from neighboring translation unit (BT)"
0x0207977C,418,bt_bb_scan_timed_create,BT,inferred,locality,125,1,15,"Inferred from neighboring translation unit (BT)"
0x0207991E,44,bt_bb_slot_phase_adjust,BT,inferred,locality,13,2,0,"Inferred from neighboring translation unit (BT)"
0x0207994A,166,bt_fhs_payload_unpack,BT,inferred,locality,68,2,0,"Inferred from neighboring translation unit (BT)"
0x020799F0,162,bt_bb_frame_tx_arm,BT,inferred,locality,57,2,3,"Inferred from neighboring translation unit (BT)"
0x02079A92,16,bt_bb_irq_mask_clear,BT,inferred,locality,4,12,0,"Inferred from neighboring translation unit (BT)"
0x02079AA2,76,bt_bb_buf_desc_bind,BT,inferred,locality,23,5,2,"Inferred from neighboring translation unit (BT)"
0x02079AEE,472,bt_bb_conn_obj_create,BT,inferred,locality,153,2,17,"Inferred from neighboring translation unit (BT)"
0x02079CC6,574,bt_bb_rx_stream_scan,BT,inferred,locality,193,1,8,"Inferred from neighboring translation unit (BT)"
0x02079F04,14,bt_link_touch,BT,inferred,locality,5,1,1,"Inferred from neighboring translation unit (BT)"
0x02079F12,38,bt_bb_param_cycle,BT,inferred,locality,14,3,1,"Inferred from neighboring translation unit (BT)"
0x02079F38,5486,bt_bb_radio_isr,BT,inferred,locality,1800,0,170,"Inferred from neighboring translation unit (BT)"
0x0207B4A6,78,bt_link_rx_credit_post,UNCLASSIFIED,high,fm1_sig,30,2,2,"compute available RX buffer count  post flow-control update"
0x0207B4F4,450,bt_link_state_tick,UNCLASSIFIED,high,fm1_sig,165,1,20,"per-link state machine tick: supervision timeout  events  rearm"
0x0207B6B6,1010,bt_link_slot_service,UNCLASSIFIED,high,fm1_sig,325,0,33,"slot-timer link service: clock drift compensation  DMA TX pump"
0x0207BAA8,654,bt_slot_cb_dispatch_isr,UNCLASSIFIED,high,fm1_sig,202,1,13,"slot-timer IRQ: dispatch eight registered slot callbacks"
0x0207BD36,332,bt_bb_init,UNCLASSIFIED,high,fm1_sig,98,1,6,"init baseband controller: radio SFRs  79-hop table  IRQs 40/41"
0x0207BE82,80,bt_ctrler_state_reset,UNCLASSIFIED,high,fm1_sig,23,1,0,"clear controller globals and reset connection list head"
0x0207BED2,16,bt_bb_is_inited,UNCLASSIFIED,high,fm1_sig,4,3,0,"return baseband controller initialized flag"
0x0207BEE2,50,bt_pkt_type_map,UNCLASSIFIED,high,fm1_sig,18,2,0,"map packet type codes 38/44/55/61 to internal indices"
0x0207BF14,474,bt_bb_channel_setup,UNCLASSIFIED,high,fm1_sig,163,1,16,"create 96B channel context  program DMA descriptors  packet format"
0x0207C0EE,44,bt_bb_slot_phase_us,UNCLASSIFIED,high,fm1_sig,15,2,0,"latch radio slot timer  compute microsecond slot phase"
0x0207C11A,116,btctrler_kick_run_locked,UNCLASSIFIED,high,fm1_sig,37,1,1,"spinlock: run deferred controller work when kick pending"
0x0207C18E,94,bt_bb_deinit,UNCLASSIFIED,high,fm1_sig,25,1,4,"stop radio  free IRQs 40/41  clear init flag"
0x0207C1EC,64,fn_0207C1EC,UNCLASSIFIED,none,none,20,1,2,""
0x0207C22C,230,bt_conn_find_by_addr,UNCLASSIFIED,high,fm1_sig,79,8,1,"locked connection-table scan matching 6-byte device address"
0x0207C312,36,bt_conn_find_by_id,UNCLASSIFIED,high,fm1_sig,11,5,0,"scan 2x280B connection entries by handle field"
0x0207C336,58,bt_pkt_tlv_scan,UNCLASSIFIED,high,fm1_sig,23,2,0,"walk variable-length packet record  locate marker byte 0x9C"
0x0207C370,150,bt_chan_interval_sum,UNCLASSIFIED,high,fm1_sig,50,2,2,"sum per-channel interval costs over a channel list"
0x0207C406,184,bt_conn_bw_check_locked,UNCLASSIFIED,high,fm1_sig,64,1,2,"spinlock: verify connection active  sum both channel lists"
0x0207C4BE,150,bt_buf_alloc,UNCLASSIFIED,high,fm1_sig,47,9,2,"allocate buffer from lbuf pool  retry/wait unless in IRQ"
0x0207C554,62,bt_buf_free,UNCLASSIFIED,high,fm1_sig,22,16,2,"unlink buffer block  return to pool  decrement usage watermark"
0x0207C592,172,bt_buf_release,UNCLASSIFIED,high,fm1_sig,53,15,7,"spinlock-unlink buffer node; free or repost to event queue"
0x0207C63E,18,list_first_entry_or_null,UNCLASSIFIED,high,fm1_sig,7,5,0,"return first intrusive-list node container or NULL"
0x0207C650,208,lbuf_block_split,UNCLASSIFIED,high,fm1_sig,68,1,3,"split free lbuf block  magic sentinels and alignment rounding"
0x0207C720,112,bt_buf_pool_alloc,UNCLASSIFIED,high,fm1_sig,38,7,3,"allocate from buffer pool 0/1 unless usage over threshold"
0x0207C790,104,list_add_locked,UNCLASSIFIED,high,fm1_sig,37,3,0,"insert node into doubly-linked list under per-core spinlock"
0x0207C7F8,26,node_unlink_free_clone,UNCLASSIFIED,high,fm1_sig,8,14,2,"remove node from list and release to allocator (clone)"
0x0207C812,34,bt_buf_pool_threshold,UNCLASSIFIED,high,fm1_sig,10,1,0,"compute pool usage threshold bytes from percent entry"
0x0207C834,26,node_unlink_free_clone,UNCLASSIFIED,high,fm1_sig,8,12,2,"remove node from list and release to allocator (clone)"
0x0207C84E,10,cache_flushinv_range_call,UNCLASSIFIED,high,fm1_sig,3,1,1,"trampoline into dcache flush-invalidate range routine"
0x0207C858,20,_init_signal,MEMLIB,high,toolchain_lib,5,2,1,"Toolchain SDK: _init_signal"
0x0207C86C,48,bt_buf_zalloc_a,UNCLASSIFIED,high,fm1_sig,17,13,3,"allocate zeroed buffer from BT pool A"
0x0207C89C,54,bt_buf_zalloc_b,UNCLASSIFIED,high,fm1_sig,17,8,3,"allocate zeroed buffer from BT pool B"
0x0207C8D2,114,bt_list_pop_locked,UNCLASSIFIED,high,fm1_sig,38,1,0,"SMP-locked pop of first node from list"
0x0207C944,34,bt_pool_param_set,UNCLASSIFIED,high,fm1_sig,9,1,2,"set per-pool percentage byte  assert index<2"
0x0207C966,262,bt_pool_usage_calc,UNCLASSIFIED,high,fm1_sig,89,1,0,"sum buffer usage against percentage watermark"
0x0207CA6C,116,fn_0207CA6C,UNCLASSIFIED,none,none,34,1,3,""
0x0207CAE0,456,bt_sched_recalc_timing,UNCLASSIFIED,high,fm1_sig,164,3,0,"recompute per-type scheduling timing table"
0x0207CCA8,70,bt_sched_switch_current,UNCLASSIFIED,high,fm1_sig,26,4,1,"switch current runnable object  invoke out/in callbacks"
0x0207CCEE,266,bt_sched_pick_next,UNCLASSIFIED,high,fm1_sig,94,5,9,"pick next runnable object  age dynamic priorities"
0x0207CDF8,242,bt_sched_remove,UNCLASSIFIED,high,fm1_sig,76,2,5,"remove object from run list  reschedule if current"
0x0207CEEA,128,bt_sched_idle_obj_cleanup,UNCLASSIFIED,high,fm1_sig,40,4,1,"deferred removal of idle object when flagged"
0x0207CF6A,102,bt_sched_set_pending_ptr,UNCLASSIFIED,high,fm1_sig,33,5,0,"store pending-object pointer under SMP lock"
0x0207CFD0,106,bt_obj_flag_bit1_set,UNCLASSIFIED,high,fm1_sig,37,1,0,"set or clear object flag bit1 under lock"
0x0207D03A,106,bt_sched_run_with_override,UNCLASSIFIED,high,fm1_sig,37,3,1,"schedule object with temporary timing override"
0x0207D0A4,96,bt_sched_wakeup,UNCLASSIFIED,high,fm1_sig,32,4,1,"locked wrapper: wake/ready an object"
0x0207D104,38,bt_sched_sleepable_check,UNCLASSIFIED,high,fm1_sig,13,1,0,"check only light-weight object types remain pending"
0x0207D12A,228,bt_sched_ready,UNCLASSIFIED,high,fm1_sig,77,2,4,"make object runnable: reset quantum  enqueue  preempt"
0x0207D20E,210,bt_sched_idle_create,UNCLASSIFIED,high,fm1_sig,69,1,1,"create and ready idle object when none flagged"
0x0207D2E0,122,bt_sched_reset_prios,UNCLASSIFIED,high,fm1_sig,42,2,1,"reset all dynamic priorities  deselect current object"
0x0207D35A,96,bt_sched_wakeup,UNCLASSIFIED,high,fm1_sig,32,1,1,"locked wrapper: wake/ready an object"
0x0207D3BA,50,bt_sched_resched_if_current,UNCLASSIFIED,high,fm1_sig,15,1,0,"reschedule only if given object is current"
0x0207D3EC,96,bt_sched_wakeup,UNCLASSIFIED,high,fm1_sig,32,4,1,"locked wrapper: wake/ready an object"
0x0207D44C,146,bt_sched_kick_type32,UNCLASSIFIED,high,fm1_sig,47,2,2,"kick scheduler for every type-32 object  trace"
0x0207D4DE,558,bt_sched_shutdown,UNCLASSIFIED,high,fm1_sig,173,1,12,"drain run list  release trace ids  reset scheduler"
0x0207D70C,912,fn_0207D70C,UNCLASSIFIED,none,none,395,2,1,""
0x0207DA9C,14,ld16_unaligned,UNCLASSIFIED,high,fm1_sig,6,72,0,"load u16 from byte pair (unaligned read)"
0x0207DAAA,28,slist_iter_has_next,UNCLASSIFIED,high,fm1_sig,13,13,0,"list iterator: test whether next node exists"
0x0207DAC6,32,slist_iter_next,UNCLASSIFIED,high,fm1_sig,14,13,0,"list iterator: advance cursor  return node"
0x0207DAE6,46,bt_list_find_by_u16,UNCLASSIFIED,high,fm1_sig,19,13,2,"find list node by u16 id field"
0x0207DB14,54,bt_chan_table_lookup,UNCLASSIFIED,high,fm1_sig,21,3,0,"map (type id16) to index via 24-entry table"
0x0207DB4A,44,bt_conn_slot_by_handle,UNCLASSIFIED,high,fm1_sig,16,4,0,"find connection slot by 10-bit handle  else 0xFF"
0x0207DB76,186,bt_pkt_tx_space,UNCLASSIFIED,high,fm1_sig,64,3,1,"compute fragment payload capacity of TX ring"
0x0207DC30,356,bt_pkt_fragment_write,UNCLASSIFIED,high,fm1_sig,120,1,5,"write buffer as MTU-fragmented records into ring"
0x0207DD94,36,bt_conn_first_active,UNCLASSIFIED,high,fm1_sig,14,3,0,"return first connection slot with nonzero handle"
0x0207DDB8,262,bt_pkt_layer_init,UNCLASSIFIED,high,fm1_sig,86,2,4,"init packet-layer context: tables  ring  handle register"
0x0207DEBE,20,bt_pkt_evt_notify,UNCLASSIFIED,high,fm1_sig,6,7,1,"post 0xFF event to packet module message queue"
0x0207DED2,18,slist_unlink_node,UNCLASSIFIED,high,fm1_sig,8,7,0,"remove node from singly-linked list"
0x0207DEE4,14,__cxa_finalize,MEMLIB,high,toolchain_lib,5,2,1,"Toolchain SDK: __cxa_finalize"
0x0207DEF2,876,btstack_cmd_dispatch,UNCLASSIFIED,high,fm1_sig,288,17,13,"validate  copy varargs  switch cmds  else queue to cmd cbuf"
0x0207E25E,16,bt_put_be32_field12,UNCLASSIFIED,high,fm1_sig,8,2,0,"store u32 big-endian into struct offset 12"
0x0207E26E,42,bt_chanmap_clear_type,UNCLASSIFIED,high,fm1_sig,15,1,0,"clear channel-map entries matching type nibble"
0x0207E298,98,bt_chanmap_entry_update,UNCLASSIFIED,high,fm1_sig,37,3,0,"find  allocate or free 24-slot channel-map entry"
0x0207E2FA,54,bt_state_set_bit12,UNCLASSIFIED,high,fm1_sig,22,1,0,"set bit 0x1000 in big-endian state word"
0x0207E330,64,bt_state_clr_bit13,UNCLASSIFIED,high,fm1_sig,24,1,0,"clear flag byte and bit 0x2000 in state word"
0x0207E370,14,bt_cfg_set_word6,UNCLASSIFIED,high,fm1_sig,4,1,0,"store constant 8000 into config halfword +6"
0x0207E37E,14,bt_cfg_set_word6,UNCLASSIFIED,high,fm1_sig,4,1,0,"store constant 8000 into config halfword +6"
0x0207E38C,54,bt_state_set_bit12,UNCLASSIFIED,high,fm1_sig,22,1,0,"set bit 0x1000 in big-endian state word"
0x0207E3C2,64,bt_state_mark_magic,UNCLASSIFIED,high,fm1_sig,24,1,0,"force 0x23 marker bytes in state word"
0x0207E402,56,crc16_nibble,UNCLASSIFIED,high,fm1_sig,21,2,0,"nibble-wise 16-bit CRC over buffer via table"
0x0207E43A,56,bt_addr_hash_build,UNCLASSIFIED,high,fm1_sig,26,1,2,"build 6-byte address hash frame from BT MAC and CRC"
0x0207E472,16,att_server_register_packet_handler,UNCLASSIFIED,high,fm1_sig,4,1,0,"store app packet handler into ATT state"
0x0207E482,16,att_server_register_packet_handler,UNCLASSIFIED,high,fm1_sig,4,1,0,"store app packet handler into ATT state"
0x0207E492,58,bt_host_ipc_init,UNCLASSIFIED,high,fm1_sig,15,1,4,"register IPC handler  await sync  install ops block"
0x0207E4CC,54,bt_link_role_match,UNCLASSIFIED,high,fm1_sig,16,6,0,"compare state-word field against BT context role bits"
0x0207E502,62,bt_conn_find_by_addr,UNCLASSIFIED,high,fm1_sig,22,11,1,"find connection context entry by 6-byte BD_ADDR"
0x0207E540,142,bt_conn_select_active,UNCLASSIFIED,high,fm1_sig,53,3,1,"pick usable connection entry by flags and handle"
0x0207E5CE,10,cache_flushinv_range_call,UNCLASSIFIED,high,fm1_sig,3,7,1,"trampoline into dcache flush-invalidate range routine"
0x0207E5D8,38,bt_disconnect_by_addr,UNCLASSIFIED,high,fm1_sig,17,2,3,"disconnect link when address known (type 0 or 2)"
0x0207E5FE,22,bt_pkt_buf_alloc,UNCLASSIFIED,high,fm1_sig,8,2,1,"allocate BT packet buffer  return payload pointer"
0x0207E614,16,little_endian_store_16,UNCLASSIFIED,high,fm1_sig,6,12,0,"store u16 little-endian at buffer offset"
0x0207E624,174,bt_pkt_build_fmt,UNCLASSIFIED,high,fm1_sig,71,2,6,"build packet from format descriptor plus varargs"
0x0207E6D2,118,bt_pkt_queue_tx,UNCLASSIFIED,high,fm1_sig,39,2,6,"queue packet to connection tx window or free"
0x0207E748,142,bt_pkt_fmt_send,UNCLASSIFIED,high,fm1_sig,56,10,5,"size  allocate  build and queue formatted packet"
0x0207E7D6,76,bt_tx_credit_avail,UNCLASSIFIED,high,fm1_sig,28,2,0,"sum per-node counters against quota  return credits"
0x0207E822,24,bt_tx_can_send,UNCLASSIFIED,high,fm1_sig,10,6,2,"test whether connection id has tx credits"
0x0207E83A,28,bt_tx_idle_recheck,UNCLASSIFIED,high,fm1_sig,10,6,1,"re-check credits when tx busy flag clear"
0x0207E856,26,bt_tx_busy_lock,UNCLASSIFIED,high,fm1_sig,8,3,0,"set tx busy flag  return previous state"
0x0207E870,172,bt_tx_window_commit,UNCLASSIFIED,high,fm1_sig,54,2,4,"write tx window header into ring  bump counters"
0x0207E91C,100,bt_tx_resume_locked,UNCLASSIFIED,high,fm1_sig,35,2,3,"resume locked tx: rebuild header and commit window"
0x0207E980,58,bt_tx_send_fmt5,UNCLASSIFIED,high,fm1_sig,24,4,4,"lock tx  build fmt-5 packet on ring  send"
0x0207E9BA,20,bt_list_add_unique,UNCLASSIFIED,high,fm1_sig,9,3,0,"push node at head if not already linked"
0x0207E9CE,18,ble_sm_queue_init,UNCLASSIFIED,high,fm1_sig,7,5,1,"init list/queue node at SM context +396"
0x0207E9E0,8,bt_flags16_set,UNCLASSIFIED,high,fm1_sig,4,8,0,"set flag bits in struct halfword +16"
0x0207E9E8,204,bt_bond_addr_update,UNCLASSIFIED,high,fm1_sig,71,7,1,"register or clear 6-byte address in two-slot table"
0x0207EAB4,30,bt_addr_counter_next,UNCLASSIFIED,high,fm1_sig,10,3,0,"increment wrapping address/nonce counter byte"
0x0207EAD2,10,bt_flags16_clr,UNCLASSIFIED,high,fm1_sig,4,5,0,"clear flag bits in struct halfword +16"
0x0207EADC,12,bt_flag_field_gate,UNCLASSIFIED,high,fm1_sig,6,2,0,"return bits5+ field gated by flag bit1"
0x0207EAE8,40,bt_event_deliver,UNCLASSIFIED,high,fm1_sig,18,5,0,"dispatch event to connection handler or global handler"
0x0207EB10,118,l2cap_emit_channel_opened,UNCLASSIFIED,high,fm1_sig,43,5,1,"emit 0x70 channel-opened event: status  addr  cid/mtu fields"
0x0207EB86,44,l2cap_emit_event_74,UNCLASSIFIED,high,fm1_sig,17,4,1,"emit 5-byte l2cap event 0x74 with cid and param"
0x0207EBB2,40,l2cap_emit_channel_closed,UNCLASSIFIED,high,fm1_sig,16,2,1,"emit 0x71 channel-closed event carrying channel id"
0x0207EBDA,38,l2cap_channel_free,UNCLASSIFIED,high,fm1_sig,14,1,3,"emit close event  unlink channel  free to pool"
0x0207EC00,12,bt_list_iter_link,UNCLASSIFIED,high,fm1_sig,5,5,0,"link iterator node to list head fields"
0x0207EC0C,12,_cleanup_r,MEMLIB,high,toolchain_lib,4,5,1,"Toolchain SDK: _cleanup_r"
0x0207EC18,1170,l2cap_run,UNCLASSIFIED,high,fm1_sig,397,11,38,"process signaling queue  channel state machines  pending tx"
0x0207F0AA,18,bt_stack_flag_224_read,UNCLASSIFIED,high,fm1_sig,6,2,0,"return whether bt struct flag at +224 set"
0x0207F0BC,616,btstack_config_command,UNCLASSIFIED,high,fm1_sig,206,25,13,"BT cmd dispatcher: set name/addr/keys  disconnect-all  event log"
0x0207F324,96,bt_addr_cache_scan,UNCLASSIFIED,high,fm1_sig,30,2,1,"scan 8-slot 6-byte addr cache from rotating index"
0x0207F384,52,bt_addr_cache_index_update,UNCLASSIFIED,high,fm1_sig,16,2,0,"advance or clear rotating addr-cache slot index"
0x0207F3B8,54,bt_active_connection_count,UNCLASSIFIED,high,fm1_sig,21,1,0,"count used 24-byte connection entries with handles"
0x0207F3EE,24,cfree,MEMLIB,high,toolchain_lib,8,2,1,"Toolchain SDK: cfree"
0x0207F406,24,btctrler_op_wrap_65ea2,UNCLASSIFIED,high,fm1_sig,8,1,1,"null-guarded forwarder to hci-layer routine 0x65ea2"
0x0207F41E,34,btctrler_op_wrap_65d1a,UNCLASSIFIED,high,fm1_sig,11,2,1,"state-checked forwarder to 0x65d1a  -EINVAL when idle"
0x0207F440,24,btctrler_op_wrap_65ea2,UNCLASSIFIED,high,fm1_sig,8,1,1,"null-guarded forwarder to hci-layer routine 0x65ea2"
0x0207F458,24,btctrler_op_wrap_65ea2,UNCLASSIFIED,high,fm1_sig,8,1,1,"null-guarded forwarder to hci-layer routine 0x65ea2"
0x0207F470,32,btctrler_op_wrap_65f12,UNCLASSIFIED,high,fm1_sig,10,1,1,"state-checked forwarder to 0x65f12  -EINVAL when idle"
0x0207F490,86,bt_config_flag_write,UNCLASSIFIED,high,fm1_sig,31,2,0,"set/clear flag bit18 in packed bt config dword"
0x0207F4E6,32,bt_config_flag18_read,UNCLASSIFIED,high,fm1_sig,10,9,0,"extract flag bit18 from packed bt config dword"
0x0207F506,50,bt_config_flag15_read,UNCLASSIFIED,high,fm1_sig,16,2,0,"extract flag bit15 from packed bt config dword"
0x0207F538,196,bt_stack_config_init,UNCLASSIFIED,high,fm1_sig,54,2,12,"apply cfg to controller  zero l2cap global  default params"
0x0207F5FC,24,bt_memory_pool_setup,UNCLASSIFIED,high,fm1_sig,10,6,1,"link count stride-sized blocks into free list"
0x0207F614,20,bt_list_find_or_append,UNCLASSIFIED,high,fm1_sig,8,3,0,"find node in list else append at tail"
0x0207F628,14,__cxa_finalize,MEMLIB,high,toolchain_lib,5,4,1,"Toolchain SDK: __cxa_finalize"
0x0207F636,42,hci_connectable_control,UNCLASSIFIED,high,fm1_sig,13,6,2,"set/clear connectable flag  issue HCI scan command"
0x0207F660,20,bt_service_node_register,UNCLASSIFIED,high,fm1_sig,8,2,1,"init node with data  append to registry list"
0x0207F674,28,bt_handler_find_by_id,UNCLASSIFIED,high,fm1_sig,11,2,0,"find registered node by 16-bit id in list"
0x0207F690,16,bt_list_pop_head,UNCLASSIFIED,high,fm1_sig,7,4,0,"detach and return list head node"
0x0207F6A0,20,bt_list_add_unique,UNCLASSIFIED,high,fm1_sig,9,5,0,"push node at head if not already linked"
0x0207F6B4,56,bt_id_callback_register,UNCLASSIFIED,high,fm1_sig,21,2,3,"alloc pool node  register callback under 16-bit id"
0x0207F6EC,134,vm_chunk_write,UNCLASSIFIED,high,fm1_sig,49,4,0,"write 32-byte chunk through flash device vtable"
0x0207F772,144,flash_record_read_latest,UNCLASSIFIED,high,fm1_sig,53,2,3,"scan records  crc16-verify  return newest valid 32-byte record"
0x0207F802,94,kv_header_load_or_format,UNCLASSIFIED,high,fm1_sig,36,5,3,"load 14-byte store header id113  format if invalid"
0x0207F860,58,kv_entry_read_check,UNCLASSIFIED,high,fm1_sig,18,6,1,"read 52-byte entry id114+slot  validate tag nibble"
0x0207F89A,86,kv_store_wipe,UNCLASSIFIED,high,fm1_sig,34,1,4,"erase all valid 52-byte entries  re-init header"
0x0207F8F0,282,kv_store_gc,UNCLASSIFIED,high,fm1_sig,103,1,7,"validate/rewrite entries  renumber slots  persist header"
0x0207FA0A,26,bt_mode_to_slot,UNCLASSIFIED,high,fm1_sig,10,2,0,"map mode 4/6/2 to slot 0/1/2 else -1"
0x0207FA24,26,bt_mode_handler_set,UNCLASSIFIED,high,fm1_sig,9,2,1,"store 64-bit value into per-mode slot table"
0x0207FA3E,868,bt_stack_init,UNCLASSIFIED,high,fm1_sig,242,1,36,"bt host stack init: pools  l2cap  config  mac restore  task"
0x0207FDA2,48,hci_task_msg_post,UNCLASSIFIED,high,fm1_sig,20,23,1,"post small event message to hci/btstack task"
0x0207FDD2,232,hci_connection_create,UNCLASSIFIED,high,fm1_sig,78,9,3,"create connection entry for bdaddr  notify task"
0x0207FEBA,54,hci_local_lmp_feature_test,UNCLASSIFIED,high,fm1_sig,17,7,0,"test bit20 of local LMP feature flags"
0x0207FEF0,26,vm_store_cursor_adjust,UNCLASSIFIED,high,fm1_sig,9,3,0,"set/add/sub flash record-store write cursor"
0x0207FF0A,134,vm_chunk_write,UNCLASSIFIED,high,fm1_sig,49,4,0,"write 32-byte chunk through flash device vtable"
0x0207FF90,110,bt_linkkey_delete,UNCLASSIFIED,high,fm1_sig,49,4,6,"scan pairing store  erase records matching bdaddr"
0x0207FFFE,34,bt_stack_status_flag,UNCLASSIFIED,high,fm1_sig,10,2,0,"read masked bt stack busy/status flag"
0x02080020,58,hci_event_broadcast,UNCLASSIFIED,high,fm1_sig,25,5,2,"call all registered hci event handlers with packet"
0x0208005A,88,bt_pairing_record_verify,UNCLASSIFIED,high,fm1_sig,32,5,3,"read 32B pairing record  verify addr and crc16"
0x020800B2,104,bt_linkkey_get,UNCLASSIFIED,high,fm1_sig,43,2,3,"return 16-byte link key for device address"
0x0208011A,480,bt_linkkey_store,UNCLASSIFIED,high,fm1_sig,152,2,11,"find or reuse slot  write 32B pairing record"
0x020802FA,98,bt_linkkey_put,UNCLASSIFIED,high,fm1_sig,39,3,3,"insert link key record for device into store"
0x0208035C,130,bt_pairing_record_byte4_access,UNCLASSIFIED,high,fm1_sig,52,4,3,"read/update type byte of device pairing record"
0x020803DE,34,bt_device_table_update,UNCLASSIFIED,high,fm1_sig,16,5,2,"register/remove device addr  sync pairing record"
0x02080400,10,cache_flushinv_range_call,UNCLASSIFIED,high,fm1_sig,3,3,1,"trampoline into dcache flush-invalidate range routine"
0x0208040A,10,cache_flushinv_range_call,UNCLASSIFIED,high,fm1_sig,3,7,1,"trampoline into dcache flush-invalidate range routine"
0x02080414,20,l2cap_next_sig_id,UNCLASSIFIED,high,fm1_sig,6,3,0,"increment and return l2cap signalling identifier"
0x02080428,62,hci_pending_event_push,UNCLASSIFIED,high,fm1_sig,26,2,1,"queue 8-byte event record  kick processing"
0x02080466,18,asctime,MEMLIB,high,toolchain_lib,6,2,1,"Toolchain SDK: asctime"
0x02080478,28,hci_max_acl_len_query,UNCLASSIFIED,high,fm1_sig,8,5,0,"return max acl data length 672 or 1006"
0x02080494,602,l2cap_channel_signal_handler,UNCLASSIFIED,high,fm1_sig,208,1,14,"per-channel signalling: disconnect/config option parsing"
0x020806EE,156,l2cap_channel_find_by_sig_id,UNCLASSIFIED,high,fm1_sig,54,9,0,"irq-safe channel list lookup by signalling id"
0x0208078A,946,l2cap_acl_rx_handler,UNCLASSIFIED,high,fm1_sig,342,1,23,"acl rx: cid dispatch  signalling cmds  l2cap events"
0x02080B3C,578,l2cap_run,UNCLASSIFIED,high,fm1_sig,217,5,22,"process channel states/timeouts  send signalling replies"
0x02080D7E,22,cfree,MEMLIB,high,toolchain_lib,8,2,1,"Toolchain SDK: cfree"
0x02080D94,112,hci_vendor_events_broadcast,UNCLASSIFIED,high,fm1_sig,43,1,2,"build 0xE2-tagged subevents  broadcast to handlers"
0x02080E04,70,bt_record_find_by_id_addr,UNCLASSIFIED,high,fm1_sig,27,2,3,"find list node by id and 6-byte address"
0x02080E4A,86,bt_record_alloc_add,UNCLASSIFIED,high,fm1_sig,31,2,3,"allocate 1236B node  init addr/id  link list"
0x02080EA0,134,bt_connection_list_poll,UNCLASSIFIED,high,fm1_sig,49,2,5,"iterate connection list  service pending states/timeouts"
0x02080F26,2190,hci_event_handler,UNCLASSIFIED,high,fm1_sig,701,0,100,"btstack hci event dispatcher: conn/linkkey/le-meta events"
0x020817B4,36,hci_can_send_query,UNCLASSIFIED,high,fm1_sig,12,3,1,"query tx availability from stack counters"
0x020817D8,224,bt_listeners_event_notify,UNCLASSIFIED,high,fm1_sig,82,1,6,"emit 4-byte event 0x78 to registered callbacks"
0x020818B8,44,ble_entry_find_by_addr,UNCLASSIFIED,high,fm1_sig,15,5,1,"find le connection entry by 6-byte address"
0x020818E4,66,le_service_item_bind,UNCLASSIFIED,high,fm1_sig,24,2,0,"bind rodata service item into free entry slot"
0x02081926,136,ble_entry_alloc,UNCLASSIFIED,high,fm1_sig,45,3,2,"allocate le connection entry  register service items"
0x020819AE,98,bt_pairing_record_byte5_access,UNCLASSIFIED,high,fm1_sig,37,4,3,"read/update flag byte of device pairing record"
0x02081A10,220,l2cap_channel_create,UNCLASSIFIED,high,fm1_sig,78,5,9,"allocate/init l2cap channel  register and configure"
0x02081AEC,50,ble_entry_find_by_handle,UNCLASSIFIED,high,fm1_sig,16,3,0,"find le entry by handle in two-slot table"
0x02081B1E,76,l2cap_tx_packet_build,UNCLASSIFIED,high,fm1_sig,30,1,6,"fill tx packet header fields and payload  enqueue"
0x02081B6A,76,l2cap_channel_data_send,UNCLASSIFIED,high,fm1_sig,29,3,6,"lookup channel  copy payload  transmit; panic on failure"
0x02081BB6,16,l2cap_data_send,UNCLASSIFIED,high,fm1_sig,8,2,1,"send L2CAP packet by handle  return success flag"
0x02081BC6,54,avdtp_signal_msg_send,UNCLASSIFIED,high,fm1_sig,20,14,1,"build AVDTP 2-byte signaling header  send via L2CAP"
0x02081BFC,80,avdtp_signal_cmd_send,UNCLASSIFIED,high,fm1_sig,32,7,3,"build and send AVDTP signaling command incl delayreport"
0x02081C4C,54,avdtp_discover_cmd_send,UNCLASSIFIED,high,fm1_sig,20,2,2,"send DISCOVER signal then reset both SEP states"
0x02081C82,76,avdtp_connect_event_handle,UNCLASSIFIED,high,fm1_sig,26,2,2,"on connect: start discover  notify registered listeners"
0x02081CCE,30,l2cap_channel_close_req,UNCLASSIFIED,high,fm1_sig,11,13,1,"lookup channel by handle  request close when active"
0x02081CEC,22,avdtp_delayreport_send,UNCLASSIFIED,high,fm1_sig,8,2,1,"send DELAYREPORT signal with queued payload byte"
0x02081D02,210,avdtp_session_event_dispatch,UNCLASSIFIED,high,fm1_sig,79,6,11,"dispatch session events 13/50/51/59 to listeners"
0x02081DD4,108,avdtp_discover_rsp_build,UNCLASSIFIED,high,fm1_sig,41,1,2,"DISCOVER handler: collect both SEPs' info into response"
0x02081E40,26,avdtp_sep_find_by_seid,UNCLASSIFIED,high,fm1_sig,9,9,0,"find stream endpoint by 6-bit SEID in table"
0x02081E5A,118,avdtp_get_capabilities_handle,UNCLASSIFIED,high,fm1_sig,52,1,3,"GET_(ALL_)CAPABILITIES: query SEP ops  build reply"
0x02081ED0,202,avdtp_set_configuration_handle,UNCLASSIFIED,high,fm1_sig,83,1,4,"SET_CONFIGURATION: bind SEP  configure via ops vtable"
0x02081F9A,112,avdtp_get_configuration_handle,UNCLASSIFIED,high,fm1_sig,48,1,3,"GET_CONFIGURATION: return current SEP configuration"
0x0208200A,156,avdtp_reconfigure_handle,UNCLASSIFIED,high,fm1_sig,65,1,3,"RECONFIGURE: apply codec/reporting capability changes"
0x020820A6,144,avdtp_open_handle,UNCLASSIFIED,high,fm1_sig,60,1,4,"OPEN signal: move configured SEP to open state"
0x02082136,146,avdtp_start_handle,UNCLASSIFIED,high,fm1_sig,59,1,4,"START signal: move open SEP to streaming state"
0x020821C8,154,avdtp_close_handle,UNCLASSIFIED,high,fm1_sig,65,1,4,"CLOSE signal: stop stream  release SEP flags"
0x02082262,144,avdtp_suspend_handle,UNCLASSIFIED,high,fm1_sig,61,1,3,"SUSPEND signal: streaming SEP back to open state"
0x020822F2,84,avdtp_abort_handle,UNCLASSIFIED,high,fm1_sig,35,1,3,"ABORT signal: force SEP to aborted state"
0x02082346,54,avdtp_accept_rsp_send,UNCLASSIFIED,high,fm1_sig,20,1,2,"send 2-byte AVDTP accept response for signal"
0x0208237C,366,avdtp_media_rtp_rx,UNCLASSIFIED,high,fm1_sig,135,1,4,"media RX: validate RTP header/seq  route to SEP"
0x020824EA,72,avdtp_open_rsp_commit,UNCLASSIFIED,high,fm1_sig,28,2,2,"finalize SEP open state  emit signal response"
0x02082532,766,avdtp_signaling_packet_process,UNCLASSIFIED,high,fm1_sig,278,1,20,"parse AVDTP signaling packet  dispatch signal handlers"
0x02082830,20,avdtp_disconnect_req,UNCLASSIFIED,high,fm1_sig,7,4,2,"mark signaling channel disconnecting  request close"
0x02082844,12,a2dp_feature_mask_test,UNCLASSIFIED,high,fm1_sig,4,16,0,"test argument bits against global capability mask"
0x02082850,1000,a2dp_state_flags_update,UNCLASSIFIED,high,fm1_sig,339,8,16,"update A2DP connection flags  emit btstack events"
0x02082C38,282,a2dp_connect_ind_handle,UNCLASSIFIED,high,fm1_sig,100,1,6,"connect indication: find device by address  notify listeners"
0x02082D52,52,avdtp_sep_error_notify,UNCLASSIFIED,high,fm1_sig,18,3,0,"notify all listeners of SEP abort with error"
0x02082D86,556,avdtp_l2cap_event_dispatch,UNCLASSIFIED,high,fm1_sig,204,0,16,"L2CAP event router: signaling/media RX  connect  close"
0x02082FB2,814,avdtp_service_cap_parse,UNCLASSIFIED,high,fm1_sig,292,1,4,"parse AVDTP capabilities  extract SBC rate and channels"
0x020832E0,58,a2dp_media_data_write,UNCLASSIFIED,high,fm1_sig,22,3,3,"route received media packet toward decoder output"
0x0208331A,78,a2dp_media_sessions_poll,UNCLASSIFIED,high,fm1_sig,27,5,1,"iterate three stream sessions  flush pending media"
0x02083368,50,a2dp_state_flag_set,UNCLASSIFIED,high,fm1_sig,16,3,1,"set connection state bits on current device record"
0x0208339A,734,a2dp_user_ctrl_dispatch,UNCLASSIFIED,high,fm1_sig,267,3,20,"fifteen-case A2DP user command and state dispatcher"
0x02083678,38,bt_handle_entry_lookup,UNCLASSIFIED,high,fm1_sig,13,2,0,"scan two-entry table for matching channel handle"
0x0208369E,16,u24_pack_le,UNCLASSIFIED,high,fm1_sig,7,2,0,"pack three bytes into one 24-bit value"
0x020836AE,86,avrcp_vendor_cmd_dispatch,UNCLASSIFIED,high,fm1_sig,35,2,1,"match BT-SIG company id  call registered PDU handler"
0x02083704,36,avctp_tx_flush,UNCLASSIFIED,high,fm1_sig,14,2,1,"transmit queued AVCTP message  clear pending flag"
0x02083728,160,avrcp_packet_build_send,UNCLASSIFIED,high,fm1_sig,56,2,4,"build AVCTP frame with PID 0x110E  queue payload"
0x020837C8,18,bt_event_flag_set,UNCLASSIFIED,high,fm1_sig,6,7,0,"set event bit in session flags  notify task"
0x020837DA,794,avctp_avrcp_packet_handle,UNCLASSIFIED,high,fm1_sig,276,1,11,"validate AVCTP PID 0x110E  dispatch AV/C passthrough/unit/vendor opcodes"
0x02083AF4,48,avctp_channel_find_by_addr,UNCLASSIFIED,high,fm1_sig,17,4,1,"scan two-slot channel table  memcmp 6-byte bdaddr"
0x02083B24,92,avctp_channel_alloc_init,UNCLASSIFIED,high,fm1_sig,36,4,0,"take free channel slot  init defaults  addr  callbacks"
0x02083B80,12,bt_event_wakeup_thunk,UNCLASSIFIED,high,fm1_sig,4,5,1,"u16-arg thunk into os_event_wakeup"
0x02083B8C,22,avctp_pending_wakeup_cancel,UNCLASSIFIED,high,fm1_sig,9,2,1,"cancel pending AVCTP wakeup/timer  clear record"
0x02083BA2,100,avctp_channel_free,UNCLASSIFIED,high,fm1_sig,39,3,3,"notify listeners  clear flags  release channel slot"
0x02083C06,146,avctp_channel_link_setup,UNCLASSIFIED,high,fm1_sig,60,1,6,"find-or-alloc channel  register CID  flags  notify"
0x02083C98,422,avctp_l2cap_event_dispatch,UNCLASSIFIED,high,fm1_sig,164,0,13,"route l2cap events 0x70-0x7A and AVRCP rx packets"
0x02083E3E,58,avctp_timer_set_scaled,UNCLASSIFIED,high,fm1_sig,20,4,1,"store timeout unit  scale to ms  arm sys timer"
0x02083E78,252,avctp_conn_state_ctrl,UNCLASSIFIED,high,fm1_sig,96,1,9,"connect/disconnect/timeout control for AVCTP channel"
0x02083F74,534,avrcp_status_flag_sync,UNCLASSIFIED,high,fm1_sig,203,0,15,"sync play/pause status bits  notify  register event ids"
0x0208418A,78,avctp_tx_seq_send,UNCLASSIFIED,high,fm1_sig,32,2,1,"bump 4-bit tx sequence  build and send AVCTP packet"
0x020841D8,68,avrcp_get_element_attrs_send,UNCLASSIFIED,high,fm1_sig,25,1,2,"send AVRCP GetElementAttributes PDU 0x20 request"
0x0208421C,928,avrcp_rsp_event_parse,UNCLASSIFIED,high,fm1_sig,367,0,7,"parse AVRCP responses: events bitmask  playback status  dispatch"
0x020845BC,26,sdp_channel_close_if_active,UNCLASSIFIED,high,fm1_sig,10,4,1,"close SDP l2cap channel when query active"
0x020845D6,54,sdp_channel_open,UNCLASSIFIED,high,fm1_sig,20,2,2,"open SDP l2cap channel (PSM 1)  store query UUID"
0x0208460C,16,net_store_16,UNCLASSIFIED,high,fm1_sig,6,9,0,"store u16 big-endian at buffer offset"
0x0208461C,14,sdp_de_seq_header_store,UNCLASSIFIED,high,fm1_sig,7,4,1,"write SDP sequence header byte plus BE16 length"
0x0208462A,8,_cleanup_r,MEMLIB,high,toolchain_lib,4,2,1,"Toolchain SDK: _cleanup_r"
0x02084632,34,sdp_uuid128_de_store,UNCLASSIFIED,high,fm1_sig,16,1,1,"store UUID128 data element (0x1C  16 bytes)"
0x02084654,38,store_be32,UNCLASSIFIED,high,fm1_sig,15,3,0,"write u32 big-endian at buffer offset"
0x0208467A,72,sdp_data_element_store,UNCLASSIFIED,high,fm1_sig,32,3,3,"encode SDP data element header and BE payload"
0x020846C2,6,fn_020846C2,UNCLASSIFIED,none,none,2,6,0,""
0x020846C8,26,sdp_de_header_len_calc,UNCLASSIFIED,high,fm1_sig,10,4,1,"map size class to element header byte count"
0x020846E2,6,fn_020846E2,UNCLASSIFIED,none,none,2,8,0,""
0x020846E8,80,sdp_de_record_len,UNCLASSIFIED,high,fm1_sig,33,12,3,"compute total SDP data element record length"
0x02084738,16,l2cap_channel_exists,UNCLASSIFIED,high,fm1_sig,7,1,1,"bool: channel lookup by sig id non-null"
0x02084748,26,sdp_l2cap_send_guarded,UNCLASSIFIED,high,fm1_sig,12,4,2,"send SDP packet when length and channel valid"
0x02084762,234,sdp_search_attr_req_send,UNCLASSIFIED,high,fm1_sig,80,4,11,"build/send ServiceSearchAttributeRequest for UUID"
0x0208484C,154,sdp_query_session_ctrl,UNCLASSIFIED,high,fm1_sig,61,4,7,"SDP client query state machine: start/abort/retry PnP"
0x020848E6,90,sdp_de_seq_foreach,UNCLASSIFIED,high,fm1_sig,34,3,6,"walk SDP sequence elements invoking callback each"
0x02084940,30,sdp_record_uuid_match,UNCLASSIFIED,high,fm1_sig,13,4,1,"scan service record for requested UUID match"
0x0208495E,8,cache_flushinv_range_call,UNCLASSIFIED,high,fm1_sig,3,4,1,"trampoline into dcache flush-invalidate range routine"
0x02084966,380,sdp_service_search_handler,UNCLASSIFIED,high,fm1_sig,128,1,8,"PDU 2 handler: match services  build search response"
0x02084AE2,138,sdp_uint16_seq_scan,UNCLASSIFIED,high,fm1_sig,49,3,8,"iterate sequence  callback per uint16 element value"
0x02084B6C,30,sdp_first_uint16_get,UNCLASSIFIED,high,fm1_sig,11,3,1,"return first uint16 attribute value via scanner"
0x02084B8A,52,sdp_uint16_params_get,UNCLASSIFIED,high,fm1_sig,20,2,1,"collect uint16 protocol params into out struct"
0x02084BBE,320,sdp_service_attr_handler,UNCLASSIFIED,high,fm1_sig,114,1,8,"PDU 4 handler: build ServiceAttributeResponse from record"
0x02084CFE,844,sdp_search_attr_handler,UNCLASSIFIED,high,fm1_sig,314,0,24,"PDU 6 handler plus SDP l2cap server dispatcher"
0x0208504A,30,sdp_record_attr_find,UNCLASSIFIED,high,fm1_sig,11,2,1,"scan record elements via callback  return match"
0x02085068,204,sdp_tx_stream_write,UNCLASSIFIED,high,fm1_sig,87,0,7,"append bytes to SDP response stream  update counters"
0x02085134,104,sdp_get_normalized_uuid,UNCLASSIFIED,high,fm1_sig,40,2,3,"parse SDP UUID element (16/32/128-bit)  normalize with base UUID"
0x0208519C,132,sdp_record_matches_service_search_pattern,UNCLASSIFIED,high,fm1_sig,54,0,6,"match SDP record attributes/UUIDs against search pattern"
0x02085220,32,sdp_tx_pending_flush,UNCLASSIFIED,high,fm1_sig,11,2,1,"commit pending SDP tx length  notify channel  clear"
0x02085240,986,sdp_master_launch_connection,UNCLASSIFIED,high,fm1_sig,318,0,27,"orchestrate profile connects  send SDP query per service UUID"
0x0208561A,30,bt_busy_timer_tick,UNCLASSIFIED,high,fm1_sig,9,2,0,"decrement busy counter in bt context  report active"
0x02085638,30,bt_cmd_timer_tick,UNCLASSIFIED,high,fm1_sig,9,2,0,"decrement pending-command counter  report still pending"
0x02085656,226,user_cmd_timeout_check,UNCLASSIFIED,high,fm1_sig,73,2,3,"scan command records  decrement nibbles  post retry messages"
0x02085738,152,bt_conn_send_step_scan,UNCLASSIFIED,high,fm1_sig,54,1,7,"iterate two BT connections  advance per-conn send steps"
0x020857D0,224,bt_profile_channel_add,UNCLASSIFIED,high,fm1_sig,77,3,1,"allocate 24-byte channel record  mark profile connecting"
0x020858B0,50,sdp_channel_query_launch,UNCLASSIFIED,high,fm1_sig,18,2,1,"mark channel busy  start/retry SDP query unless SDP UUID"
0x020858E2,138,bt_profile_channel_remove,UNCLASSIFIED,high,fm1_sig,50,4,1,"free channel record  save peer addr  rotate index"
0x0208596C,42,hci_connectable_control,UNCLASSIFIED,high,fm1_sig,13,5,2,"set/clear connectable flag  issue HCI scan command"
0x02085996,10,cache_flushinv_range_call,UNCLASSIFIED,high,fm1_sig,3,2,1,"trampoline into dcache flush-invalidate range routine"
0x020859A0,10,cache_flushinv_range_call,UNCLASSIFIED,high,fm1_sig,3,2,1,"trampoline into dcache flush-invalidate range routine"
0x020859AA,2030,user_cmd_loop_handler,UNCLASSIFIED,high,fm1_sig,623,0,85,"BT user-command run loop; also HID device-name setup"
0x02086198,22,bt_peer_addr_save,UNCLASSIFIED,high,fm1_sig,8,2,0,"store peer bdaddr plus length into saved-addr struct"
0x020861AE,746,bt_hci_event_dispatch,UNCLASSIFIED,high,fm1_sig,269,0,19,"dispatch HCI ACL events: connect  disconnect  key handling"
0x02086498,130,bt_channel_mtu_store,UNCLASSIFIED,high,fm1_sig,43,2,1,"irq-locked per-channel u16 min/mtu store by index"
0x0208651A,30,att_ccc_flag_set,UNCLASSIFIED,high,fm1_sig,10,3,2,"set flag in 8-byte ATT record for handle index"
0x02086538,16,net_store_16,UNCLASSIFIED,high,fm1_sig,6,2,0,"store u16 big-endian at buffer offset"
0x02086548,24,reverse_bytes_local,UNCLASSIFIED,high,fm1_sig,10,5,0,"local duplicate reverse-copy helper for addr/key"
0x02086560,8,_cleanup_r,MEMLIB,high,toolchain_lib,4,25,1,"Toolchain SDK: _cleanup_r"
0x02086568,16,little_endian_store_16,UNCLASSIFIED,high,fm1_sig,6,25,0,"store u16 little-endian at buffer offset"
0x02086578,8,_cleanup_r,MEMLIB,high,toolchain_lib,4,6,1,"Toolchain SDK: _cleanup_r"
0x02086580,10,ptr_is_null,UNCLASSIFIED,high,fm1_sig,5,4,0,"return boolean argument-is-null"
0x0208658A,16,store_le32_at_field11,UNCLASSIFIED,high,fm1_sig,8,2,0,"write u32 little-endian at struct offset 11"
0x0208659A,8,cache_flushinv_range_call,UNCLASSIFIED,high,fm1_sig,3,3,1,"trampoline into dcache flush-invalidate range routine"
0x020865A2,72,bt_bond_param_stage,UNCLASSIFIED,high,fm1_sig,30,6,6,"stage four u16 fields into bond context  commit"
0x020865EA,44,bt_bond_param_update,UNCLASSIFIED,high,fm1_sig,16,7,4,"copy data into bond context then stage params"
0x02086616,24,reverse_bytes_local,UNCLASSIFIED,high,fm1_sig,10,4,0,"local duplicate reverse-copy helper for addr/key"
0x0208662E,70,bt_get_current_conn_addr,UNCLASSIFIED,high,fm1_sig,28,3,3,"return current connection peer addr/type  fallback local"
0x02086674,24,big_endian_read_32,UNCLASSIFIED,high,fm1_sig,9,4,0,"read u32 big-endian from byte buffer"
0x0208668C,10,_cleanup_r,MEMLIB,high,toolchain_lib,4,2,1,"Toolchain SDK: _cleanup_r"
0x02086696,78,bt_bond_record_match,UNCLASSIFIED,high,fm1_sig,33,4,4,"match bond record by addr  plus key if authenticated"
0x020866E4,168,bt_bond_db_lookup,UNCLASSIFIED,high,fm1_sig,61,1,6,"iterate VM bond slots  match address and 16-byte key"
0x0208678C,10,_cleanup_r,MEMLIB,high,toolchain_lib,4,4,1,"Toolchain SDK: _cleanup_r"
0x02086796,42,bt_link_key_type_get,UNCLASSIFIED,high,fm1_sig,16,1,1,"return current connection link key type 0..3"
0x020867C0,48,bt_get_local_addr_reversed,UNCLASSIFIED,high,fm1_sig,20,1,3,"return local bdaddr reversed  zeros when no connection"
0x020867F0,102,bt_bond_db_delete_record,UNCLASSIFIED,high,fm1_sig,37,2,3,"erase VM bond slot  compact index table  persist"
0x02086856,132,bt_bond_db_remove_records,UNCLASSIFIED,high,fm1_sig,47,1,5,"iterate bonded device table  remove records matching address"
0x020868DA,380,bt_bond_db_add_record,UNCLASSIFIED,high,fm1_sig,145,2,4,"build 52-byte device record  dedupe  persist via VM write"
0x02086A56,124,bt_bond_db_find_record,UNCLASSIFIED,high,fm1_sig,44,2,3,"find bonded record by address  type and callback"
0x02086AD2,12,bt_bond_db_find_wrapper,UNCLASSIFIED,high,fm1_sig,6,2,1,"argument-swap wrapper around bt_bond_db_find_record"
0x02086ADE,8,cache_flushinv_range_call,UNCLASSIFIED,high,fm1_sig,3,5,1,"trampoline into dcache flush-invalidate range routine"
0x02086AE6,18,asctime,MEMLIB,high,toolchain_lib,6,1,1,"Toolchain SDK: asctime"
0x02086AF8,1042,bt_hci_transport_task,UNCLASSIFIED,high,fm1_sig,336,0,34,"btstack HCI message dequeue and opcode dispatch loop"
0x02086F0A,18,bt_stack_flag_clear,UNCLASSIFIED,high,fm1_sig,5,4,0,"clear byte flag at bt state struct +533"
0x02086F1C,118,bt_bond_db_remove_type10,UNCLASSIFIED,high,fm1_sig,42,1,4,"remove type-10 bonded records matching address"
0x02086F92,10,_cleanup_r,MEMLIB,high,toolchain_lib,4,2,1,"Toolchain SDK: _cleanup_r"
0x02086F9C,12,read_le16,UNCLASSIFIED,high,fm1_sig,4,3,0,"read little-endian u16 from byte stream"
0x02086FA8,48,bt_bond_db_has_addr,UNCLASSIFIED,high,fm1_sig,20,1,1,"check bonded device existence by address"
0x02086FD8,94,bt_bond_db_validate,UNCLASSIFIED,high,fm1_sig,33,1,0,"validate device db header flags  conditionally check entry"
0x02087036,146,fm_radio_hf_coef_load,UNCLASSIFIED,high,fm1_sig,47,1,4,"write FM receiver HF_CON1/HF_CRAM registers 0x12e14-1c"
0x020870C8,20,le_device_db_remove,UNCLASSIFIED,high,fm1_sig,5,3,0,"mark LE bonding entry free (0xFF)"
0x020870DC,56,le_device_db_init,UNCLASSIFIED,high,fm1_sig,18,1,4,"malloc 56-byte LE bonding entry table"
0x02087114,36,le_device_db_free_slot_count,UNCLASSIFIED,high,fm1_sig,13,4,0,"count free slots in LE bonding table"
0x02087138,78,le_device_db_identity_get,UNCLASSIFIED,high,fm1_sig,32,4,0,"read entry index  address and IRK"
0x02087186,74,le_device_db_encryption_get,UNCLASSIFIED,high,fm1_sig,31,4,0,"read LTK  EDIV  RAND and auth flags"
0x020871D0,60,le_device_db_add,UNCLASSIFIED,high,fm1_sig,24,1,0,"store address and IRK into free bonding slot"
0x0208720C,58,le_device_db_encryption_set,UNCLASSIFIED,high,fm1_sig,23,1,0,"write LTK  EDIV  RAND  key size  auth flags"
0x02087246,142,le_device_db_deinit,UNCLASSIFIED,high,fm1_sig,66,1,1,"free LE bonding table buffer"
0x020872D4,18,att_get_connection,UNCLASSIFIED,high,fm1_sig,6,16,1,"lookup connection by handle  return ATT state offset"
0x020872E6,16,setlinebuf,MEMLIB,high,toolchain_lib,6,2,1,"Toolchain SDK: setlinebuf"
0x020872F6,132,ble_sm_passkey_clear,UNCLASSIFIED,high,fm1_sig,45,1,2,"clear pairing passkey buffer  set SM state  core-locked"
0x0208737A,28,ble_sm_tk_buf_clear,UNCLASSIFIED,high,fm1_sig,10,4,0,"zero 16-byte TK buffer at context +32"
0x02087396,146,ble_sm_passkey_set_default,UNCLASSIFIED,high,fm1_sig,47,1,4,"write default 123456 passkey into SM context"
0x02087428,18,ble_sm_config_byte_set,UNCLASSIFIED,high,fm1_sig,5,1,0,"store config byte at SM context +320"
0x0208743A,20,ble_sm_auth_req_default,UNCLASSIFIED,high,fm1_sig,6,2,0,"set default auth-requirements byte 51 at +314"
0x0208744E,304,ble_sm_init,UNCLASSIFIED,high,fm1_sig,99,1,10,"alloc SM context  load or generate IRK/CSRK via VM/TRNG"
0x0208757E,26,ble_sm_param_pair_set,UNCLASSIFIED,high,fm1_sig,8,1,0,"set two SM parameter bytes to 5 at +312"
0x02087598,28,ble_sm_key_size_range_set,UNCLASSIFIED,high,fm1_sig,9,1,0,"set encryption key size range 7..16 at +310"
0x020875B4,24,ble_sm_auth_flags_or,UNCLASSIFIED,high,fm1_sig,7,1,0,"OR bit 8 into auth flags halfword at +314"
0x020875CC,24,ble_sm_queue_init,UNCLASSIFIED,high,fm1_sig,7,2,1,"init list/queue node at SM context +396"
0x020875E4,28,ble_sm_handler_register,UNCLASSIFIED,high,fm1_sig,8,1,1,"store handler fn 0x0200097e  init node at +388"
0x02087600,38,bt_cfg_buf_fields_init,UNCLASSIFIED,high,fm1_sig,15,2,2,"zero 16-byte buffer  set config fields 12/14"
0x02087626,18,bt_stack_stat_inc_328,UNCLASSIFIED,high,fm1_sig,5,2,0,"increment event counter at context +328"
0x02087638,60,ble_hci_cmd_send,UNCLASSIFIED,high,fm1_sig,20,5,3,"build two param buffers  send HCI command via 0x654de"
0x02087674,18,bt_stack_stat_inc_328,UNCLASSIFIED,high,fm1_sig,5,3,0,"increment event counter at context +328"
0x02087686,22,ble_hci_handler_set,UNCLASSIFIED,high,fm1_sig,6,2,1,"store handler pointer at +376  notify via 0x65552"
0x0208769C,20,sm_address_resolution_idle,UNCLASSIFIED,high,fm1_sig,7,3,0,"return 1 when no address resolution in progress"
0x020876B0,38,sm_event_packet_build,UNCLASSIFIED,high,fm1_sig,14,4,2,"build sm_just_event_t header (type size handle addr)"
0x020876D6,64,sm_event_dispatch,UNCLASSIFIED,high,fm1_sig,23,5,3,"invoke registered SM packet handlers with event"
0x02087716,34,sm_event_send_simple,UNCLASSIFIED,high,fm1_sig,16,4,2,"build 16-byte SM event  dispatch to handlers"
0x02087738,48,sm_address_resolution_start,UNCLASSIFIED,high,fm1_sig,20,2,1,"stage peer addr  notify identity-resolving started (0xD8)"
0x02087768,22,is_buffer_all_zero,UNCLASSIFIED,high,fm1_sig,9,2,0,"return 1 if all buffer bytes zero"
0x0208777E,8,_cleanup_r,MEMLIB,high,toolchain_lib,4,3,1,"Toolchain SDK: _cleanup_r"
0x02087786,80,sm_event_send_with_device,UNCLASSIFIED,high,fm1_sig,32,2,4,"build SM event including device-db lookup and peer address"
0x020877D6,202,sm_address_resolution_done,UNCLASSIFIED,high,fm1_sig,80,2,4,"finish identity resolving  notify success (0xDA) or failure"
0x020878A0,48,sm_event_send_for_conn,UNCLASSIFIED,high,fm1_sig,20,10,3,"emit connection SM event (pairing started 0xDF) to handlers"
0x020878D0,28,sm_pairing_ctx_reset,UNCLASSIFIED,high,fm1_sig,9,4,1,"reset pairing context bytes before LTK/encryption work"
0x020878EC,32,sm_get_pairing_auth_req,UNCLASSIFIED,high,fm1_sig,10,2,0,"compute auth_req byte for SMP pairing PDU"
0x0208790C,190,sm_prepare_pairing_pdus,UNCLASSIFIED,high,fm1_sig,68,2,3,"assemble SMP pairing request/response PDU fields (iocap oob authreq keydist)"
0x020879CA,32,sm_io_cap_encode,UNCLASSIFIED,high,fm1_sig,10,2,0,"encode IO capability bits into method-matrix index"
0x020879EA,24,sm_set_io_capabilities,UNCLASSIFIED,high,fm1_sig,10,2,1,"store local IO capability encoding for pairing"
0x02087A02,204,sm_select_stk_method,UNCLASSIFIED,high,fm1_sig,77,2,2,"pick pairing method via 5x5 IO-capability matrix table"
0x02087ACE,28,sm_pairing_timer_stop,UNCLASSIFIED,high,fm1_sig,9,2,1,"remove active pairing timeout timer"
0x02087AEA,46,sm_pairing_timer_start,UNCLASSIFIED,high,fm1_sig,15,3,2,"arm 30s pairing timeout with callback and connection"
0x02087B18,34,sm_pairing_timer_clear_handle,UNCLASSIFIED,high,fm1_sig,10,11,1,"stop pairing timer if handle matches active pairing"
0x02087B3A,58,sm_conn_timeout_restart,UNCLASSIFIED,high,fm1_sig,19,4,3,"restart per-connection 300ms response timer"
0x02087B74,6,cache_flushinv_range_call,UNCLASSIFIED,high,fm1_sig,3,4,1,"trampoline into dcache flush-invalidate range routine"
0x02087B7A,46,sm_event_send_ext,UNCLASSIFIED,high,fm1_sig,18,2,3,"build 16-byte SM event with extra stack arg  dispatch"
0x02087BA8,164,sm_pairing_execute_method,UNCLASSIFIED,high,fm1_sig,70,3,5,"dispatch pairing user-interaction events per selected method"
0x02087C4C,6,fn_02087C4C,UNCLASSIFIED,none,none,2,7,0,""
0x02087C52,74,sm_c1_xor_p1,UNCLASSIFIED,high,fm1_sig,27,1,2,"SMP c1: XOR block with pairing req/rsp p1 value"
0x02087C9C,44,sm_peer_io_cap_matches,UNCLASSIFIED,high,fm1_sig,15,3,1,"compare peer IO capability encoding against local"
0x02087CC8,326,sm_bonding_store_peer_keys,UNCLASSIFIED,high,fm1_sig,109,3,9,"store peer LTK/keys in bonding db  notify identity created"
0x02087E0E,2564,sm_run,UNCLASSIFIED,high,fm1_sig,810,5,103,"btstack SM main pairing/encryption/resolution state machine"
0x02088812,124,sm_load_peer_ltk_from_db,UNCLASSIFIED,high,fm1_sig,45,2,2,"fetch bonded LTK/EDIV/RAND into pairing context"
0x0208888E,138,sm_encryption_start_continue,UNCLASSIFIED,high,fm1_sig,53,1,6,"advance deferred encryption-start state then run SM"
0x02088918,30,sm_deinit,UNCLASSIFIED,high,fm1_sig,8,1,2,"free SM global state block"
0x02088936,26,sm_encryption_key_size,UNCLASSIFIED,high,fm1_sig,9,1,1,"return negotiated encryption key size for handle"
0x02088950,24,sm_authenticated,UNCLASSIFIED,high,fm1_sig,9,1,1,"return authenticated flag for connection handle"
0x02088968,30,sm_security_level,UNCLASSIFIED,high,fm1_sig,11,1,1,"return security level for connection handle"
0x02088986,114,sm_disconnect,UNCLASSIFIED,high,fm1_sig,41,3,9,"disconnect BLE link with reason 0x13  stop pairing timer"
0x020889F8,20,sm_zero_pad,UNCLASSIFIED,high,fm1_sig,8,2,0,"zero key buffer tail from offset to byte 15"
0x02088A0C,1662,sm_hci_event_handler,UNCLASSIFIED,high,fm1_sig,544,0,67,"SM HCI events (connect/disconnect/encrypt/LE-rand) plus rand/encrypt results"
0x0208908A,20,sm_pairing_state_reset,UNCLASSIFIED,high,fm1_sig,6,2,0,"reset connection pairing state to initial phase"
0x0208909E,1000,sm_pdu_handler,UNCLASSIFIED,high,fm1_sig,339,0,32,"receive/validate SMP PDUs via code-length table  drive pairing"
0x02089486,14,sub_020800f6,UNCLASSIFIED,high,fm1_sig,5,1,0,"zero 16-word RAM block at 0x01c0d6f4"
0x02089494,86,ble_att_server_setup_init,UNCLASSIFIED,high,fm1_sig,21,1,3,"register ATT CID handler  profile db  callbacks  timers"
0x020894EA,16,att_server_register_packet_handler,UNCLASSIFIED,high,fm1_sig,4,1,0,"store app packet handler into ATT state"
0x020894FA,24,att_server_request_can_send_now_event,UNCLASSIFIED,high,fm1_sig,8,5,1,"set can-send flag  request L2CAP can-send on CID 4"
0x02089512,6,cache_flushinv_range_call,UNCLASSIFIED,high,fm1_sig,3,1,1,"trampoline into dcache flush-invalidate range routine"
0x02089518,18,att_get_connection,UNCLASSIFIED,high,fm1_sig,6,11,1,"lookup connection by handle  return ATT state offset"
0x0208952A,10,cache_flushinv_range_call,UNCLASSIFIED,high,fm1_sig,3,3,1,"trampoline into dcache flush-invalidate range routine"
0x02089534,84,att_server_notify,UNCLASSIFIED,high,fm1_sig,31,1,5,"send ATT Handle Value Notification (0x1B)"
0x02089588,128,att_server_indicate,UNCLASSIFIED,high,fm1_sig,47,1,6,"send ATT Indication (0x1D)  arm 30s confirm timer"
0x02089608,194,att_packet_dispatch,UNCLASSIFIED,high,fm1_sig,64,1,3,"route incoming ATT events to registered handlers"
0x020896CA,356,att_hci_event_handler,UNCLASSIFIED,high,fm1_sig,118,1,21,"HCI events: connect/disconnect/encrypt  per-conn ATT state"
0x0208982E,66,att_emit_mtu_event,UNCLASSIFIED,high,fm1_sig,25,1,2,"emit 0xB5 MTU-exchange-complete event to app handler"
0x02089870,810,att_server_packet_handler,UNCLASSIFIED,high,fm1_sig,255,0,34,"main ATT channel handler: PDUs  can-send  indication confirm"
0x02089B9A,46,att_conn_bitfield_query,UNCLASSIFIED,high,fm1_sig,17,1,1,"read 3-bit field from connection state byte"
0x02089BC8,24,att_mtu_entry_find,UNCLASSIFIED,high,fm1_sig,9,2,0,"find per-connection MTU entry by con handle"
0x02089BE0,70,att_mtu_entry_create,UNCLASSIFIED,high,fm1_sig,27,1,3,"get-or-create MTU entry  default ATT_DEFAULT_MTU 23"
0x02089C26,6,cache_flushinv_range_call,UNCLASSIFIED,high,fm1_sig,3,1,1,"trampoline into dcache flush-invalidate range routine"
0x02089C2C,76,att_set_mtu_notify,UNCLASSIFIED,high,fm1_sig,30,1,3,"update connection MTU  emit change event"
0x02089C78,34,bi_more_comps,UNCLASSIFIED,high,fm1_sig,13,4,1,"zero-extend bigint comps array to n words"
0x02089C9A,86,bi_alloc,UNCLASSIFIED,high,fm1_sig,31,3,3,"allocate bigint from free list or memory pool"
0x02089CF0,38,bi_initialize,UNCLASSIFIED,high,fm1_sig,16,1,1,"init BI_CTX  create permanent bi_radix"
0x02089D16,26,trim,UNCLASSIFIED,high,fm1_sig,11,6,0,"shrink bigint size past zero high words"
0x02089D30,64,bi_import,UNCLASSIFIED,high,fm1_sig,27,3,2,"import 16 big-endian bytes into new bigint"
0x02089D70,38,find_max_exp_index,UNCLASSIFIED,high,fm1_sig,15,5,0,"bit index of most significant set bit"
0x02089D96,170,comp_left_shift,UNCLASSIFIED,high,fm1_sig,55,3,3,"shift bigint left by n bits  growing"
0x02089E40,146,bi_rshift,UNCLASSIFIED,high,fm1_sig,52,2,1,"shift bigint right by n bits in place"
0x02089ED2,70,bi_xor,UNCLASSIFIED,high,fm1_sig,25,2,1,"XOR-combine two bigints  return larger"
0x02089F18,42,bi_free,UNCLASSIFIED,high,fm1_sig,15,5,0,"decrement refs  return bigint to free list"
0x02089F42,114,bi_poly_mod2,UNCLASSIFIED,high,fm1_sig,45,1,11,"GF(2) polynomial remainder via shift and XOR"
0x02089FB4,132,bi_poly_mul,UNCLASSIFIED,high,fm1_sig,51,1,9,"carryless GF(2) polynomial multiply"
0x0208A038,42,bi_comps_export_be,UNCLASSIFIED,high,fm1_sig,17,1,0,"export bigint comps as big-endian bytes"
0x0208A062,14,bi_terminate,UNCLASSIFIED,high,fm1_sig,5,1,1,"depermanent and free bi_radix"
0x0208A070,286,sha256ProcessBlock,UNCLASSIFIED,high,fm1_sig,97,2,0,"SHA-256 64-round block compression function"
0x0208A18E,98,sha256Update,UNCLASSIFIED,high,fm1_sig,30,4,2,"hash data in 64-byte blocks  track totals"
0x0208A1F0,100,sha256Final,UNCLASSIFIED,high,fm1_sig,34,2,2,"pad message  append bit length  emit digest"
0x0208A254,396,hmacCompute,UNCLASSIFIED,high,fm1_sig,132,3,5,"one-shot HMAC-SHA256 via hash descriptor"
0x0208A3E0,562,fn_0208A3E0,UNCLASSIFIED,none,none,208,1,2,""
0x0208A612,16,uECC_vli_clear,UNCLASSIFIED,high,fm1_sig,6,5,0,"zero n words of a vli"
0x0208A622,60,uECC_vli_bytesToNative,UNCLASSIFIED,high,fm1_sig,23,4,1,"pack byte string into vli words"
0x0208A65E,50,uECC_vli_add,UNCLASSIFIED,high,fm1_sig,18,11,0,"multiword add  return carry"
0x0208A690,16,uECC_vli_testBit,UNCLASSIFIED,high,fm1_sig,5,2,0,"test bit n of vli word array"
0x0208A6A0,72,ecc_p192_reduce,UNCLASSIFIED,high,fm1_sig,32,2,3,"fast reduction mod P-192 prime  bit-mask plus conditional subtract"
0x0208A6E8,26,mpi_is_zero,UNCLASSIFIED,high,fm1_sig,11,7,0,"OR all limbs  return 1 when bignum is zero"
0x0208A702,50,mpi_sub,UNCLASSIFIED,high,fm1_sig,18,7,0,"limb-wise subtract with borrow  returns final borrow"
0x0208A734,42,mpi_cmp,UNCLASSIFIED,high,fm1_sig,21,2,2,"compare two bignums  returns -1/0/1"
0x0208A75E,22,mpi_copy,UNCLASSIFIED,high,fm1_sig,8,17,0,"copy bignum limb array of n words"
0x0208A774,42,mpi_mac64,UNCLASSIFIED,high,fm1_sig,16,2,0,"64-bit multiply-accumulate limb with carry-out chain"
0x0208A79E,204,ecc_field_mul,UNCLASSIFIED,high,fm1_sig,74,22,2,"comba limb multiply then callback reduction mod p"
0x0208A86A,10,ecc_field_sqr,UNCLASSIFIED,high,fm1_sig,5,11,1,"field square shim: out = a^2 mod p"
0x0208A874,58,ecc_point_scale_jacobian,UNCLASSIFIED,high,fm1_sig,28,3,4,"scale point coords by z^2 and z^3 (Jacobian)"
0x0208A8AE,26,ecc_field_sub,UNCLASSIFIED,high,fm1_sig,11,23,2,"modular subtraction with conditional add-back of prime"
0x0208A8C8,42,mpi_cmp_words,UNCLASSIFIED,high,fm1_sig,16,5,0,"compare limb arrays from most significant  returns 1/0/-1"
0x0208A8F2,40,ecc_field_add,UNCLASSIFIED,high,fm1_sig,17,7,3,"modular addition with conditional subtract of prime"
0x0208A91A,270,ecc_point_double_p192,UNCLASSIFIED,high,fm1_sig,117,2,20,"long field-op sequence  Jacobian point doubling"
0x0208AA28,200,ecc_point_add_p192,UNCLASSIFIED,high,fm1_sig,84,2,14,"field-op sequence  point addition ladder step"
0x0208AAF0,28,mpi_rshift1,UNCLASSIFIED,high,fm1_sig,13,8,0,"shift bignum right one bit across limbs"
0x0208AB0C,50,ecc_field_halve,UNCLASSIFIED,high,fm1_sig,22,1,3,"divide by 2 mod p  adds prime first when odd"
0x0208AB3E,250,ecc_field_invert,UNCLASSIFIED,high,fm1_sig,102,1,20,"binary GCD modular inversion using halve and subtract"
0x0208AC38,414,ecc_point_mul_p192,UNCLASSIFIED,high,fm1_sig,158,2,22,"scalar multiply ladder with bit scan and affine conversion"
0x0208ADD6,44,mpi_words_to_bytes,UNCLASSIFIED,high,fm1_sig,15,3,0,"pack limbs into byte string via bit-offset extraction"
0x0208AE02,312,ecdh_p192_gen_keypair,UNCLASSIFIED,high,fm1_sig,117,1,9,"RAND64 random scalar with retry  pub = k*G"
0x0208AF3A,84,ecdh_p192_scalar_mul_valid,UNCLASSIFIED,high,fm1_sig,37,1,3,"scalar times point with non-infinity result validation"
0x0208AF8E,842,fn_0208AF8E,UNCLASSIFIED,none,none,326,1,41,""
0x0208B2D8,56,ssp_f1_p192,UNCLASSIFIED,high,fm1_sig,25,1,1,"HMAC-SHA256 over U||V||Z (49 bytes)  16-byte commitment"
0x0208B310,102,ssp_f1_p192_swap,UNCLASSIFIED,high,fm1_sig,43,1,5,"f1 wrapper reversing big-endian coordinates and digest"
0x0208B376,70,ssp_g_input_sha256,UNCLASSIFIED,high,fm1_sig,31,1,1,"pack 80-byte g-function input  one-shot SHA-256"
0x0208B3BC,160,ssp_g_p192_passkey,UNCLASSIFIED,high,fm1_sig,62,1,5,"numeric comparison value from digest mod 10^6"
0x0208B45C,106,ssp_f3_p192,UNCLASSIFIED,high,fm1_sig,47,1,1,"HMAC-SHA256 with 24-byte key over 63-byte message"
0x0208B4C6,264,ssp_f3_p192_build,UNCLASSIFIED,high,fm1_sig,100,1,9,"pack nonces  IO capabilities and addresses  call f3"
0x0208B5CE,94,ssp_f2_p192,UNCLASSIFIED,high,fm1_sig,42,1,1,"HMAC-SHA256 with 24-byte key over 48-byte message"
0x0208B62C,530,fn_0208B62C,UNCLASSIFIED,none,none,225,1,7,""
0x0208B83E,48,update_ctx_alloc,Hardware_UI,inferred,locality,14,1,2,"Inferred from neighboring translation unit (Hardware_UI)"
0x0208B86E,28,update_state_notify,Hardware_UI,inferred,locality,10,3,0,"Inferred from neighboring translation unit (Hardware_UI)"
0x0208B88A,50,jl_sfc_cipher,Hardware_UI,inferred,locality,20,11,1,"Inferred from neighboring translation unit (Hardware_UI)"
0x0208B8BC,10,cache_flushinv_range_call,Hardware_UI,inferred,locality,3,5,1,"Inferred from neighboring translation unit (Hardware_UI)"
0x0208B8C6,1212,update_pkg_parse_verify,Hardware_UI,inferred,locality,387,1,30,"Inferred from neighboring translation unit (Hardware_UI)"
0x0208BD82,226,jlfs_entry_find_load,Hardware_UI,inferred,locality,82,1,4,"Inferred from neighboring translation unit (Hardware_UI)"
0x0208BE64,32,flash_buf_is_erased,Hardware_UI,inferred,locality,12,2,0,"Inferred from neighboring translation unit (Hardware_UI)"
0x0208BE84,140,flash_read_decipher,Hardware_UI,inferred,locality,46,2,5,"Inferred from neighboring translation unit (Hardware_UI)"
0x0208BF10,382,update_verify_blocks,Hardware_UI,inferred,locality,131,1,9,"Inferred from neighboring translation unit (Hardware_UI)"
0x0208C08E,22,update_reader_close,Hardware_UI,inferred,locality,8,3,0,"Inferred from neighboring translation unit (Hardware_UI)"
0x0208C0A4,16,jieli_update_set_offset,Hardware_UI,inferred,locality,5,1,0,"Inferred from neighboring translation unit (Hardware_UI)"
0x0208C0B4,1542,jieli_ufw_update_run,Hardware_UI,inferred,locality,501,1,42,"Inferred from neighboring translation unit (Hardware_UI)"
0x0208C6BA,106,jieli_update_file_check,Hardware_UI,inferred,locality,33,1,5,"Inferred from neighboring translation unit (Hardware_UI)"
0x0208C724,196,jieli_update_dispatch,Hardware_UI,inferred,locality,67,1,4,"Inferred from neighboring translation unit (Hardware_UI)"
0x0208C7E8,1236,hard_PAD_1_63_208C7E8,Hardware_UI,medium,string_xref,498,1,12,"Referenced string: PAD 1-63"
0x0208CCBC,54,audio_adda_link_write,Hardware_UI,inferred,locality,19,15,0,"Inferred from neighboring translation unit (Hardware_UI)"
0x0208CCF2,30,audio_adda_reg_write,Hardware_UI,inferred,locality,9,26,0,"Inferred from neighboring translation unit (Hardware_UI)"
0x0208CD10,36,audio_adda_init_seq,Hardware_UI,inferred,locality,17,7,5,"Inferred from neighboring translation unit (Hardware_UI)"
0x0208CD34,24,adda_win200_write,Hardware_UI,inferred,locality,12,215,3,"Inferred from neighboring translation unit (Hardware_UI)"
0x0208CD4C,24,adda_win200_write,Hardware_UI,inferred,locality,12,141,3,"Inferred from neighboring translation unit (Hardware_UI)"
0x0208CD64,24,adda_win200_write,Hardware_UI,inferred,locality,12,52,3,"Inferred from neighboring translation unit (Hardware_UI)"
0x0208CD7C,376,audio_dac_analog_mode_set,Hardware_UI,inferred,locality,150,2,0,"Inferred from neighboring translation unit (Hardware_UI)"
0x0208CEF4,394,fn_0208CEF4,Hardware_UI,inferred,locality,130,1,3,"Inferred from neighboring translation unit (Hardware_UI)"
0x0208D07E,48,audio_adda_reg_read,Hardware_UI,inferred,locality,14,4,2,"Inferred from neighboring translation unit (Hardware_UI)"
0x0208D0AE,24,adda_win212_read,Hardware_UI,inferred,locality,10,2,3,"Inferred from neighboring translation unit (Hardware_UI)"
0x0208D0C6,62,audio_dac_analog_mute,Hardware_UI,inferred,locality,23,3,8,"Inferred from neighboring translation unit (Hardware_UI)"
0x0208D104,26,audio_adda_power_seq,Hardware_UI,inferred,locality,9,3,3,"Inferred from neighboring translation unit (Hardware_UI)"
0x0208D11E,24,adda_win212_read,Hardware_UI,inferred,locality,10,42,3,"Inferred from neighboring translation unit (Hardware_UI)"
0x0208D136,36,audio_trim_dac8_set,Hardware_UI,inferred,locality,13,7,3,"Inferred from neighboring translation unit (Hardware_UI)"
0x0208D15A,38,audio_trim_dac9_set,Hardware_UI,inferred,locality,14,6,3,"Inferred from neighboring translation unit (Hardware_UI)"
0x0208D180,38,audio_trim_dac9_set,Hardware_UI,inferred,locality,14,5,3,"Inferred from neighboring translation unit (Hardware_UI)"
0x0208D1A6,36,audio_trim_dac7_set,Hardware_UI,inferred,locality,13,5,3,"Inferred from neighboring translation unit (Hardware_UI)"
0x0208D1CA,36,audio_trim_dac8_set,Hardware_UI,inferred,locality,13,6,3,"Inferred from neighboring translation unit (Hardware_UI)"
0x0208D1EE,38,audio_trim_dac9_set,Hardware_UI,inferred,locality,14,6,3,"Inferred from neighboring translation unit (Hardware_UI)"
0x0208D214,22,audio_dac_trim_write_1191c,Hardware_UI,inferred,locality,7,5,0,"Inferred from neighboring translation unit (Hardware_UI)"
0x0208D22A,18,audio_adc_con_rmw,Hardware_UI,inferred,locality,6,5,0,"Inferred from neighboring translation unit (Hardware_UI)"
0x0208D23C,150,audio_dac_trim_config_load,Hardware_UI,inferred,locality,56,5,0,"Inferred from neighboring translation unit (Hardware_UI)"
0x0208D2D2,26,adda_win212_read,Hardware_UI,inferred,locality,10,18,3,"Inferred from neighboring translation unit (Hardware_UI)"
0x0208D2EC,78,audio_adda_osc_count_read,Hardware_UI,inferred,locality,26,4,3,"Inferred from neighboring translation unit (Hardware_UI)"
0x0208D33A,48,audio_dac_trim_config_autoselect,Hardware_UI,inferred,locality,18,3,7,"Inferred from neighboring translation unit (Hardware_UI)"
0x0208D36A,878,audio_dac_trim_calibrate,Hardware_UI,inferred,locality,315,6,83,"Inferred from neighboring translation unit (Hardware_UI)"
0x0208D6D8,46,audio_dac_dcc_set,Hardware_UI,inferred,locality,15,4,0,"Inferred from neighboring translation unit (Hardware_UI)"
0x0208D706,488,audio_dac_dcc_trim_calibrate,Hardware_UI,inferred,locality,160,1,22,"Inferred from neighboring translation unit (Hardware_UI)"
0x0208D8EE,12,__cxa_finalize,MEMLIB,high,toolchain_lib,5,7,1,"Toolchain SDK: __cxa_finalize"
0x0208D8FA,12,__cxa_finalize,MEMLIB,high,toolchain_lib,5,6,1,"Toolchain SDK: __cxa_finalize"
0x0208D906,12,adda_win212_write_10,Hardware_UI,inferred,locality,5,5,1,"Inferred from neighboring translation unit (Hardware_UI)"
0x0208D912,366,fn_0208D912,Hardware_UI,inferred,locality,139,1,39,"Inferred from neighboring translation unit (Hardware_UI)"
0x0208DA80,116,norflash_spi0_guard,Hardware_UI,inferred,locality,36,12,1,"Inferred from neighboring translation unit (Hardware_UI)"
0x0208DAF4,22,busy_delay_loop,Hardware_UI,inferred,locality,10,1,0,"Inferred from neighboring translation unit (Hardware_UI)"
0x0208DB0A,32,spi0_cs_set,Hardware_UI,inferred,locality,12,82,1,"Inferred from neighboring translation unit (Hardware_UI)"
0x0208DB2A,48,spi0_wait_ok,Hardware_UI,inferred,locality,19,4,0,"Inferred from neighboring translation unit (Hardware_UI)"
0x0208DB5A,24,spi0_send_byte,Hardware_UI,inferred,locality,8,115,1,"Inferred from neighboring translation unit (Hardware_UI)"
0x0208DB72,50,norflash_enter_4byte_addr,Hardware_UI,inferred,locality,17,3,3,"Inferred from neighboring translation unit (Hardware_UI)"
0x0208DBA4,36,spiflash_send_addr,Hardware_UI,inferred,locality,14,6,4,"Inferred from neighboring translation unit (Hardware_UI)"
0x0208DBC8,20,spiflash_read_byte,Hardware_UI,inferred,locality,7,1,1,"Inferred from neighboring translation unit (Hardware_UI)"
0x0208DBDC,128,spiflash_read_burst,Hardware_UI,inferred,locality,44,2,1,"Inferred from neighboring translation unit (Hardware_UI)"
0x0208DC5C,32,spiflash_rx_byte,Hardware_UI,inferred,locality,10,14,1,"Inferred from neighboring translation unit (Hardware_UI)"
0x0208DC7C,16,spiflash_tx_byte,Hardware_UI,inferred,locality,5,1,1,"Inferred from neighboring translation unit (Hardware_UI)"
0x0208DC8C,124,spiflash_write_burst,Hardware_UI,inferred,locality,43,2,1,"Inferred from neighboring translation unit (Hardware_UI)"
0x0208DD08,324,spiflash_io_dispatch,Hardware_UI,inferred,locality,114,2,24,"Inferred from neighboring translation unit (Hardware_UI)"
0x0208DE4C,54,spiflash_cache_sync,Hardware_UI,inferred,locality,16,3,3,"Inferred from neighboring translation unit (Hardware_UI)"
0x0208DE82,146,fn_0208DE82,Hardware_UI,inferred,locality,49,11,6,"Inferred from neighboring translation unit (Hardware_UI)"
0x0208DF14,16,spiflash_addr_translate,Hardware_UI,inferred,locality,6,3,0,"Inferred from neighboring translation unit (Hardware_UI)"
0x0208DF24,72,norflash_write_enable,Hardware_UI,inferred,locality,24,7,5,"Inferred from neighboring translation unit (Hardware_UI)"
0x0208DF6C,152,fn_0208DF6C,Hardware_UI,inferred,locality,56,3,17,"Inferred from neighboring translation unit (Hardware_UI)"
0x0208E004,22,norflash_wren_verify,Hardware_UI,inferred,locality,8,11,3,"Inferred from neighboring translation unit (Hardware_UI)"
0x0208E01A,10,cache_flushinv_range_call,Hardware_UI,inferred,locality,3,4,1,"Inferred from neighboring translation unit (Hardware_UI)"
0x0208E024,212,fn_0208E024,Hardware_UI,inferred,locality,75,14,17,"Inferred from neighboring translation unit (Hardware_UI)"
0x0208E0F8,58,spiflash_read_status,Hardware_UI,inferred,locality,20,1,8,"Inferred from neighboring translation unit (Hardware_UI)"
0x0208E132,1742,fn_0208E132,Hardware_UI,inferred,locality,584,0,209,"Inferred from neighboring translation unit (Hardware_UI)"
0x0208E800,50,dcache_flushinv_range,Hardware_UI,inferred,locality,18,1,0,"Inferred from neighboring translation unit (Hardware_UI)"
0x0208E832,494,fn_0208E832,Hardware_UI,inferred,locality,151,1,0,"Inferred from neighboring translation unit (Hardware_UI)"
0x0208EA20,40,spinlock_enter_critical,Hardware_UI,inferred,locality,13,8,0,"Inferred from neighboring translation unit (Hardware_UI)"
0x0208EA48,26,p33_spi_xfer_byte,Hardware_UI,inferred,locality,9,36,0,"Inferred from neighboring translation unit (Hardware_UI)"
0x0208EA62,40,spinlock_leave_critical,Hardware_UI,inferred,locality,13,8,0,"Inferred from neighboring translation unit (Hardware_UI)"
0x0208EA8A,68,p33_reg_read,Hardware_UI,inferred,locality,24,11,5,"Inferred from neighboring translation unit (Hardware_UI)"
0x0208EACE,62,p33_reg_write,Hardware_UI,inferred,locality,21,11,5,"Inferred from neighboring translation unit (Hardware_UI)"
0x0208EB0C,40,p33_reg_rmw,Hardware_UI,inferred,locality,16,6,2,"Inferred from neighboring translation unit (Hardware_UI)"
0x0208EB34,74,p33_reg_clear_bits,Hardware_UI,inferred,locality,22,18,5,"Inferred from neighboring translation unit (Hardware_UI)"
0x0208EB7E,38,audio_buf_state_init,Hardware_UI,inferred,locality,13,1,0,"Inferred from neighboring translation unit (Hardware_UI)"
0x0208EBA4,502,fn_0208EBA4,Hardware_UI,inferred,locality,166,1,0,"Inferred from neighboring translation unit (Hardware_UI)"
0x0208ED9A,334,fn_0208ED9A,Hardware_UI,inferred,locality,111,1,0,"Inferred from neighboring translation unit (Hardware_UI)"
0x0208EEE8,370,fn_0208EEE8,Hardware_UI,inferred,locality,116,1,0,"Inferred from neighboring translation unit (Hardware_UI)"
0x0208F05A,314,fn_0208F05A,Hardware_UI,inferred,locality,102,1,0,"Inferred from neighboring translation unit (Hardware_UI)"
0x0208F194,314,fn_0208F194,Hardware_UI,inferred,locality,97,1,0,"Inferred from neighboring translation unit (Hardware_UI)"
0x0208F2CE,3162,fn_0208F2CE,Hardware_UI,inferred,locality,953,1,5,"Inferred from neighboring translation unit (Hardware_UI)"
0x0208FF28,4414,fn_0208FF28,Hardware_UI,inferred,locality,1345,0,5,"Inferred from neighboring translation unit (Hardware_UI)"
0x02091066,50,p33_spi_mode_get_set,UNCLASSIFIED,high,fm1_sig,17,2,2,"get/set P33 SPI mode bits 2-3 under lock"
0x02091098,74,p33_reg_clear_bits,UNCLASSIFIED,high,fm1_sig,22,19,5,"clear bits in P33 register (AND opcode)"
0x020910E2,36,cpu_other_stall,UNCLASSIFIED,high,fm1_sig,12,1,0,"signal other core to stall  wait handshake bit"
0x02091106,212,cpu_ipc_call_sync,UNCLASSIFIED,high,fm1_sig,76,1,1,"post fn+arg mailbox to other core  doorbell  wait"
0x020911DA,24,cpu_other_resume,UNCLASSIFIED,high,fm1_sig,6,1,0,"release other core from stall handshake"
0x020911F2,210,cpu_ipc_call_done,UNCLASSIFIED,high,fm1_sig,70,1,2,"complete cross-core call  unlock; poweroff-halt tail"
0x020912C4,364,fn_020912C4,UNCLASSIFIED,none,none,126,0,1,""
0x02091430,2508,fn_02091430,UNCLASSIFIED,none,none,801,0,1,""
0x02091DFC,114,fn_02091DFC,UNCLASSIFIED,none,none,46,1,0,""
0x02091E6E,6,cache_flushinv_range_call,UNCLASSIFIED,high,fm1_sig,3,3,1,"trampoline into dcache flush-invalidate range routine"
0x02091E74,212,audio_dac_dma_irq,UNCLASSIFIED,high,fm1_sig,69,0,1,"DAC DMA buffer-refill IRQ  event post  timer IRQ"
0x02091F48,94,fn_02091F48,UNCLASSIFIED,none,none,30,1,0,""
0x02091FA6,174,fn_02091FA6,UNCLASSIFIED,none,none,54,1,0,""
0x02092054,164,fn_02092054,UNCLASSIFIED,none,none,55,1,0,""
0x020920F8,884,fn_020920F8,UNCLASSIFIED,none,none,282,0,5,""
0x0209246C,26,pmu_wakeup_status_check,UNCLASSIFIED,high,fm1_sig,11,2,1,"read P33 reg 0x35  test wakeup-source bits"
0x02092486,182,p33_rtc_read_ticks,UNCLASSIFIED,high,fm1_sig,59,1,18,"read two 32-bit P33 counters  return elapsed delta"
0x0209253C,172,rtc_alarm_set_us,UNCLASSIFIED,high,fm1_sig,52,1,12,"convert microseconds to ticks  program RTC compare"
0x020925E8,386,clock_freq_set,UNCLASSIFIED,high,fm1_sig,133,1,6,"PMU writes; recompute PLL/clock dividers  safe switch"
0x0209276A,84,clock_switch_commit,UNCLASSIFIED,high,fm1_sig,30,1,0,"finalize clock source switch  cache-sync  settle delay"
0x020927BE,28,pmu_reg_seq,UNCLASSIFIED,high,fm1_sig,11,1,3,"short P33 register 0x59 bit sequence (PMU config)"
0x020927DA,80,clock_switch_start,UNCLASSIFIED,high,fm1_sig,29,1,0,"initiate clock source switch with cache sync"
0x0209282A,7354,fn_0209282A,UNCLASSIFIED,none,none,2537,0,65,""
0x020944E4,40,fn_020944E4,UNCLASSIFIED,none,none,12,1,0,""
0x0209450C,216,fn_0209450C,UNCLASSIFIED,none,none,74,5,1,""
0x020945E4,2624,fn_020945E4,UNCLASSIFIED,none,none,788,1,8,""
0x02095024,26,sub_208c17e,UNCLASSIFIED,high,fm1_sig,8,1,0,"misdisassembled data table fragment"
0x0209503E,78,sub_208c198,UNCLASSIFIED,high,fm1_sig,25,1,0,"misdisassembled data table fragment"
0x0209508C,26,sub_208c1e6,UNCLASSIFIED,high,fm1_sig,9,1,0,"misdisassembled data table fragment"
0x020950A6,304,fn_020950A6,UNCLASSIFIED,none,none,113,0,4,""
0x020951D6,154,fn_020951D6,UNCLASSIFIED,none,none,36,2,0,""
0x02095270,8776,fn_02095270,UNCLASSIFIED,none,none,3385,0,1,""
